cgpa,backlogs,attendance,internships,projects,certifications,dsa,programming,sql,cloud,web,communication,aptitude,tech_score,soft_score,experience_score,academic_score,placed,salary_lpa
7.25,1,68,1,1,3,7,6,5,4,5,7,5,5.4,6.0,3.1,6.75,1,7.96
6.2,1,71,1,2,1,6,4,4,3,7,6,6,4.8,6.0,3.1,5.7,0,0.0
7.48,0,77,1,1,3,5,5,6,7,5,5,6,5.6,5.5,3.1,7.48,0,0.0
8.02,0,86,3,4,1,6,8,8,6,5,4,5,6.6,4.5,7.24,8.02,1,8.77
6.12,0,77,0,1,1,5,4,3,1,4,4,4,3.4,4.0,1.03,6.12,0,0.0
5.57,0,77,0,1,1,6,6,6,2,7,6,4,5.4,5.0,1.03,5.57,0,0.0
6.72,1,70,3,2,1,8,7,6,6,7,3,5,6.8,4.0,5.86,6.22,1,7.58
7.1,1,98,0,2,0,8,7,7,3,7,5,7,6.4,6.0,1.38,6.6,1,5.75
6.85,1,81,1,2,4,5,7,5,2,5,5,5,4.8,5.0,4.14,6.35,1,4.08
6.46,1,80,0,0,2,4,5,3,2,2,6,3,3.2,4.5,0.69,5.96,1,3.0
7.83,0,74,0,2,2,5,5,5,4,5,5,7,4.8,6.0,2.07,7.83,1,3.64
7.42,0,79,0,5,1,5,6,9,6,7,6,5,6.6,5.5,3.79,7.42,1,6.02
6.41,1,93,0,4,2,5,6,5,5,5,7,4,5.2,5.5,3.45,5.91,1,4.51
8.87,0,69,2,6,2,4,5,7,4,7,6,7,5.4,6.5,7.59,8.87,1,9.44
7.54,0,82,2,1,4,5,6,6,5,6,5,5,5.6,5.0,4.83,7.54,1,5.9
6.01,1,65,0,1,2,2,3,3,3,3,4,4,2.8,4.0,1.38,5.51,0,0.0
6.79,1,78,0,5,1,6,5,6,3,4,6,6,4.8,6.0,3.79,6.29,1,4.4
6.5,0,76,1,3,2,4,6,4,4,4,5,5,4.4,5.0,4.14,6.5,1,3.82
7.19,0,72,3,2,3,4,7,8,6,7,6,6,6.4,6.0,6.55,7.19,1,8.5
6.89,0,73,0,3,0,5,4,4,2,4,6,2,3.8,4.0,2.07,6.89,0,0.0
6.42,2,56,0,3,1,4,6,5,4,6,5,5,5.0,5.0,2.41,5.42,0,0.0
7.6,0,82,0,3,3,5,6,3,4,8,5,7,5.2,6.0,3.1,7.6,1,5.43
7.59,0,78,2,4,4,5,9,7,6,5,4,7,6.4,5.5,6.9,7.59,1,8.95
5.83,1,59,1,2,0,5,4,3,2,3,4,5,3.4,4.5,2.76,5.33,0,0.0
7.05,0,96,3,6,0,6,6,4,8,6,5,6,6.0,5.5,8.28,7.05,1,8.31
5.65,2,73,1,3,2,4,7,5,2,3,5,6,4.2,5.5,4.14,4.65,0,0.0
7.29,0,76,1,4,3,3,7,4,8,5,4,5,5.4,4.5,5.17,7.29,1,4.42
7.06,1,72,0,2,4,8,5,6,3,7,6,7,5.8,6.5,2.76,6.56,1,5.39
8.03,0,83,1,1,2,9,5,8,7,6,4,6,7.0,5.0,2.76,8.03,1,7.49
6.2,1,85,1,4,3,7,4,3,5,4,6,5,4.6,5.5,5.17,5.7,1,5.07
9.42,0,100,2,6,2,7,8,8,6,8,6,10,7.4,8.0,7.59,9.42,1,10.83
7.29,1,86,0,0,0,4,5,5,5,6,6,3,5.0,4.5,0.0,6.79,1,3.0
7.34,1,88,1,2,0,5,3,2,3,4,6,4,3.4,5.0,2.76,6.84,1,4.73
6.45,0,91,3,1,1,3,4,5,3,4,5,6,3.8,5.5,5.17,6.45,1,4.0
7.89,0,81,2,2,0,4,6,6,4,3,7,7,4.6,7.0,4.14,7.89,1,7.02
7.37,0,94,1,5,3,9,8,9,5,8,9,9,7.8,9.0,5.86,7.37,1,10.36
7.02,0,82,0,1,1,4,5,5,2,4,6,2,4.0,4.0,1.03,7.02,0,0.0
5.54,4,71,0,0,1,2,4,2,2,4,2,6,2.8,4.0,0.34,3.54,0,0.0
5.78,1,80,1,5,0,6,7,5,2,2,4,3,4.4,3.5,4.83,5.28,0,0.0
7.08,2,65,2,1,1,5,8,8,4,6,5,7,6.2,6.0,3.79,6.08,1,6.12
7.67,2,83,1,2,0,4,7,6,6,7,7,6,6.0,6.5,2.76,6.67,1,5.41
7.09,1,67,2,3,2,5,5,7,5,5,5,7,5.4,6.0,5.52,6.59,1,6.15
6.63,0,63,1,0,3,3,4,1,1,4,4,5,2.6,4.5,2.41,6.63,0,0.0
6.49,0,81,1,0,3,6,5,8,3,5,5,7,5.4,6.0,2.41,6.49,1,3.47
6.0,1,67,3,3,1,5,6,6,1,5,6,5,4.6,5.5,6.55,5.5,0,0.0
7.69,1,78,0,3,2,6,6,2,5,6,6,5,5.0,5.5,2.76,7.19,1,4.66
7.97,0,80,1,3,1,5,7,6,5,4,4,6,5.4,5.0,3.79,7.97,1,6.8
7.24,1,86,0,1,3,6,8,4,4,7,6,8,5.8,7.0,1.72,6.74,1,4.12
6.95,1,65,0,0,2,6,6,4,4,5,2,7,5.0,4.5,0.69,6.45,1,3.06
7.71,2,88,1,0,2,7,7,6,7,7,2,6,6.8,4.0,2.07,6.71,0,0.0
6.91,0,72,0,1,0,4,3,4,1,4,5,6,3.2,5.5,0.69,6.91,1,3.0
7.48,0,82,0,1,2,6,5,7,4,7,6,7,5.8,6.5,1.38,7.48,1,4.29
6.4,2,66,0,0,0,3,4,3,1,3,5,5,2.8,5.0,0.0,5.4,0,0.0
5.79,0,68,0,1,0,2,3,3,3,3,6,3,2.8,4.5,0.69,5.79,0,0.0
6.8,1,88,1,2,3,7,5,6,4,5,3,6,5.4,4.5,3.79,6.3,1,5.42
6.43,2,83,0,2,2,3,5,4,2,5,2,5,3.8,3.5,2.07,5.43,1,3.0
6.04,1,63,0,2,0,3,3,3,2,4,2,4,3.0,3.0,1.38,5.54,0,0.0
8.1,0,78,0,2,0,5,8,7,5,6,4,6,6.2,5.0,1.38,8.1,1,5.48
6.86,3,74,1,2,3,6,5,5,4,6,5,6,5.2,5.5,3.79,5.36,0,0.0
8.14,0,79,1,2,0,6,8,9,6,8,7,7,7.4,7.0,2.76,8.14,1,8.21
5.41,2,65,0,1,0,6,5,3,2,5,5,3,4.2,4.0,0.69,4.41,1,3.0
7.18,0,77,1,6,0,7,4,4,3,3,7,4,4.2,5.5,5.52,7.18,1,6.38
7.02,1,87,1,3,1,7,5,5,5,7,7,8,5.8,7.5,3.79,6.52,1,6.15
7.81,0,78,2,4,0,7,9,4,6,7,6,7,6.6,6.5,5.52,7.81,1,9.08
7.69,1,82,3,3,2,6,9,8,6,7,6,6,7.2,6.0,6.9,7.19,1,9.22
7.45,0,74,1,2,1,5,6,4,5,4,6,7,4.8,6.5,3.1,7.45,1,3.1
5.76,0,85,1,2,1,5,5,5,2,5,3,5,4.4,4.0,3.1,5.76,0,0.0
7.25,1,75,2,1,1,5,7,7,5,5,1,5,5.8,3.0,3.79,6.75,0,0.0
6.72,1,67,1,3,1,6,5,4,3,3,5,6,4.2,5.5,3.79,6.22,1,4.11
7.62,1,74,2,3,1,4,5,6,4,7,6,7,5.2,6.5,5.17,7.12,1,4.64
6.55,0,75,2,6,2,7,7,4,3,4,8,3,5.0,5.5,7.59,6.55,1,6.87
6.37,1,83,2,4,1,4,4,6,6,5,6,3,5.0,4.5,5.86,5.87,1,5.85
7.76,0,83,0,3,3,4,5,5,7,2,6,3,4.6,4.5,3.1,7.76,1,3.83
7.26,1,80,0,3,2,6,7,4,7,5,5,7,5.8,6.0,2.76,6.76,1,5.42
7.7,0,89,0,1,1,6,6,4,4,6,4,5,5.2,4.5,1.03,7.7,1,4.14
7.62,0,91,1,5,3,4,7,8,5,7,5,5,6.2,5.0,5.86,7.62,1,6.84
6.66,0,62,0,0,1,3,6,3,5,4,6,5,4.2,5.5,0.34,6.66,1,3.0
6.86,1,80,1,4,1,2,3,3,3,4,5,5,3.0,5.0,4.48,6.36,1,3.0
8.24,1,86,2,6,1,6,7,6,6,7,8,4,6.4,6.0,7.24,7.74,1,10.67
6.85,1,78,1,3,1,5,9,6,5,7,6,7,6.4,6.5,3.79,6.35,1,5.69
6.53,0,77,1,3,0,5,4,5,6,6,4,5,5.2,4.5,3.45,6.53,0,0.0
6.51,0,66,0,3,0,4,5,6,6,4,7,7,5.0,7.0,2.07,6.51,0,0.0
6.77,1,89,0,1,1,4,2,5,3,4,5,3,3.6,4.0,1.03,6.27,0,0.0
6.72,1,83,1,1,1,6,6,6,6,2,6,6,5.2,6.0,2.41,6.22,1,5.35
6.66,1,72,1,1,0,7,5,4,3,3,6,3,4.4,4.5,2.07,6.16,1,4.68
8.29,1,79,0,2,1,5,7,9,4,5,7,9,6.0,8.0,1.72,7.79,1,6.2
6.21,0,63,1,5,1,6,4,4,3,6,4,3,4.6,3.5,5.17,6.21,1,4.26
7.06,1,80,0,4,2,7,7,8,5,6,5,8,6.6,6.5,3.45,6.56,0,0.0
6.71,0,74,3,3,1,4,6,5,4,5,4,6,4.8,5.0,6.55,6.71,1,5.41
8.52,0,72,0,3,2,5,7,4,4,6,6,6,5.2,6.0,2.76,8.52,1,4.72
7.37,1,82,2,1,0,1,4,3,2,4,7,7,2.8,7.0,3.45,6.87,0,0.0
7.82,0,96,2,6,2,7,7,7,4,4,8,5,5.8,6.5,7.59,7.82,1,8.02
6.17,1,78,2,4,1,4,4,6,4,4,6,6,4.4,6.0,5.86,5.67,1,4.11
7.16,0,78,3,2,2,6,4,4,6,5,7,7,5.0,7.0,6.21,7.16,1,5.87
5.59,1,74,0,1,0,5,3,1,2,3,3,4,2.8,3.5,0.69,5.09,0,0.0
5.61,0,73,0,1,1,5,4,3,2,3,2,5,3.4,3.5,1.03,5.61,0,0.0
6.98,1,73,2,1,2,4,6,5,2,5,5,7,4.4,6.0,4.14,6.48,1,3.89
7.54,0,75,0,0,0,3,4,4,2,5,5,6,3.6,5.5,0.0,7.54,1,3.0
6.23,2,68,0,0,1,5,5,2,2,5,5,4,3.8,4.5,0.34,5.23,0,0.0
6.17,1,81,3,2,0,4,7,5,5,5,6,6,5.2,6.0,5.52,5.67,1,8.78
6.13,0,75,1,1,0,5,7,5,2,3,6,4,4.4,5.0,2.07,6.13,1,3.64
9.14,0,88,1,4,0,10,9,8,5,6,4,6,7.6,5.0,4.14,9.14,1,10.12
7.25,0,66,1,1,1,5,6,5,5,3,4,6,4.8,5.0,2.41,7.25,1,3.96
7.51,0,85,0,5,3,7,5,5,4,5,6,5,5.2,5.5,4.48,7.51,1,4.72
6.72,2,81,0,0,3,6,5,5,2,5,6,5,4.6,5.5,1.03,5.72,1,3.0
6.18,0,94,1,2,2,3,3,4,3,6,8,6,3.8,7.0,3.45,6.18,1,3.0
6.48,0,71,0,0,2,4,3,2,2,4,3,7,3.0,5.0,0.69,6.48,0,0.0
6.51,1,79,0,3,1,3,7,4,3,4,4,6,4.2,5.0,2.41,6.01,0,0.0
7.71,0,100,1,3,3,8,6,7,5,8,6,4,6.8,5.0,4.48,7.71,1,6.47
5.7,0,73,0,0,0,1,1,2,1,1,3,2,1.2,2.5,0.0,5.7,0,0.0
6.71,0,72,0,2,2,5,6,2,2,5,3,8,4.0,5.5,2.07,6.71,1,3.11
7.3,1,73,0,2,2,7,6,5,5,7,6,5,6.0,5.5,2.07,6.8,1,4.79
6.41,0,87,1,1,1,3,5,3,1,4,6,3,3.2,4.5,2.41,6.41,0,0.0
6.27,0,66,0,2,2,2,2,4,3,6,5,3,3.4,4.0,2.07,6.27,1,3.0
7.32,0,76,0,3,4,3,4,7,1,5,3,6,4.0,4.5,3.45,7.32,0,0.0
6.72,0,72,1,3,1,3,6,4,2,4,4,5,3.8,4.5,3.79,6.72,1,3.0
7.56,0,78,1,3,0,5,4,4,5,5,4,7,4.6,5.5,3.45,7.56,1,5.22
7.19,0,70,2,4,2,5,6,6,5,5,7,6,5.4,6.5,6.21,7.19,1,8.42
7.54,1,88,3,6,2,5,7,6,5,6,8,5,5.8,6.5,8.97,7.04,1,10.65
7.66,2,82,3,3,0,7,6,7,3,6,4,3,5.8,3.5,6.21,6.66,1,10.14
6.16,0,65,1,1,1,4,4,5,2,3,5,3,3.6,4.0,2.41,6.16,0,0.0
6.21,0,84,1,1,3,4,5,6,3,4,4,6,4.4,5.0,3.1,6.21,1,3.63
7.45,1,79,0,3,5,4,8,7,5,5,6,4,5.8,5.0,3.79,6.95,1,5.43
7.97,0,83,2,1,3,8,9,7,7,6,6,8,7.4,7.0,4.48,7.97,1,10.01
7.16,0,83,1,3,1,5,9,7,7,3,4,5,6.2,4.5,3.79,7.16,1,5.89
7.94,0,83,0,3,2,8,6,5,5,6,7,4,6.0,5.5,2.76,7.94,1,6.79
8.67,0,68,3,6,4,7,8,8,6,8,7,7,7.4,7.0,9.66,8.67,1,12.52
7.29,1,89,1,1,3,5,6,5,5,5,5,6,5.2,5.5,3.1,6.79,1,5.35
6.44,1,74,1,3,1,3,4,1,2,5,5,7,3.0,6.0,3.79,5.94,1,3.0
6.38,0,74,1,3,0,4,3,6,1,3,4,3,3.4,3.5,3.45,6.38,1,3.0
6.29,1,76,0,0,2,9,5,5,2,4,5,7,5.0,6.0,0.69,5.79,0,0.0
5.75,1,60,0,1,1,2,5,1,1,1,1,4,2.0,2.5,1.03,5.25,0,0.0
7.43,1,80,3,2,3,7,4,7,4,7,2,5,5.8,3.5,6.55,6.93,1,6.39
6.16,1,78,0,1,2,5,4,4,3,6,4,6,4.4,5.0,1.38,5.66,0,0.0
6.04,3,77,1,2,1,6,4,6,1,6,5,6,4.6,5.5,3.1,4.54,0,0.0
6.49,2,82,1,0,0,3,6,5,3,7,3,3,4.8,3.0,1.38,5.49,1,3.44
7.33,0,86,2,1,2,7,8,3,2,5,5,5,5.0,5.0,4.14,7.33,1,5.6
7.75,1,72,2,1,0,6,5,6,4,5,5,5,5.2,5.0,3.45,7.25,1,7.43
8.31,0,94,2,6,5,7,8,6,5,5,7,8,6.2,7.5,8.62,8.31,1,7.47
9.1,0,88,3,3,0,9,8,6,7,6,7,10,7.2,8.5,6.21,9.1,1,12.32
7.38,3,77,1,2,1,6,6,7,5,5,8,6,5.8,7.0,3.1,5.88,1,5.38
5.0,3,65,0,1,1,3,4,4,5,1,5,4,3.4,4.5,1.03,3.5,0,0.0
5.0,3,60,0,0,1,1,2,4,1,1,2,4,1.8,3.0,0.34,3.5,0,0.0
7.44,0,78,0,0,1,7,8,4,6,4,6,5,5.8,5.5,0.34,7.44,1,6.22
6.02,1,74,1,1,2,5,7,4,4,6,8,2,5.2,5.0,2.76,5.52,0,0.0
6.72,1,87,0,1,1,4,4,5,3,4,3,6,4.0,4.5,1.03,6.22,1,3.0
7.86,0,79,0,3,2,5,8,5,7,6,4,7,6.2,5.5,2.76,7.86,1,4.58
6.37,0,68,0,2,1,6,5,4,1,7,3,7,4.6,5.0,1.72,6.37,1,3.0
7.83,0,82,0,6,2,6,7,7,4,4,5,5,5.6,5.0,4.83,7.83,1,5.65
7.18,1,80,0,4,1,8,7,7,4,8,7,7,6.8,7.0,3.1,6.68,1,6.2
7.39,0,76,0,0,1,4,4,3,1,4,7,7,3.2,7.0,0.34,7.39,1,3.0
5.66,0,78,0,1,1,1,1,1,1,4,5,8,1.6,6.5,1.03,5.66,0,0.0
6.24,0,81,1,1,0,5,3,5,4,6,6,5,4.6,5.5,2.07,6.24,1,3.15
7.09,1,77,1,2,0,5,5,3,1,3,5,6,3.4,5.5,2.76,6.59,1,3.45
7.29,0,80,1,2,3,4,5,6,3,5,6,4,4.6,5.0,3.79,7.29,1,3.72
7.62,1,64,0,3,0,6,8,7,6,5,6,5,6.4,5.5,2.07,7.12,0,0.0
6.85,1,82,1,0,3,5,5,7,5,5,7,7,5.4,7.0,2.41,6.35,1,4.24
7.65,1,78,1,6,2,6,4,5,5,5,5,3,5.0,4.0,6.21,7.15,1,6.77
6.28,0,83,0,0,0,7,6,4,5,5,5,5,5.4,5.0,0.0,6.28,1,3.49
5.25,4,81,0,4,0,4,4,3,5,5,4,7,4.2,5.5,2.76,3.25,0,0.0
6.0,2,71,0,1,2,3,5,3,1,5,4,5,3.4,4.5,1.38,5.0,0,0.0
5.54,0,81,0,1,0,4,4,4,3,3,4,6,3.6,5.0,0.69,5.54,0,0.0
9.19,0,79,0,1,0,6,10,6,5,8,4,7,7.0,5.5,0.69,9.19,1,5.72
6.08,1,74,0,2,0,1,4,3,2,3,5,4,2.6,4.5,1.38,5.58,0,0.0
7.01,0,74,0,1,1,6,6,7,2,4,8,9,5.0,8.5,1.03,7.01,1,3.82
6.05,2,80,0,1,0,5,6,4,2,4,5,6,4.2,5.5,0.69,5.05,0,0.0
6.59,1,73,3,5,1,6,6,4,4,6,6,7,5.2,6.5,7.93,6.09,1,7.8
6.64,1,90,2,1,2,5,4,5,6,4,7,6,4.8,6.5,4.14,6.14,1,4.4
7.39,0,95,0,3,1,4,6,3,2,4,5,5,3.8,5.0,2.41,7.39,1,3.49
7.89,0,85,1,1,0,5,7,6,1,3,5,7,4.4,6.0,2.07,7.89,1,4.62
7.11,0,93,1,3,2,5,3,5,4,4,5,5,4.2,5.0,4.14,7.11,1,3.72
7.7,0,71,0,2,1,7,8,6,4,6,6,6,6.2,6.0,1.72,7.7,1,6.0
6.33,0,64,1,1,3,5,3,4,3,6,6,6,4.2,6.0,3.1,6.33,0,0.0
5.81,5,75,0,0,2,5,5,3,4,1,6,5,3.6,5.5,0.69,3.31,0,0.0
7.06,0,78,1,2,0,5,4,5,2,4,6,6,4.0,6.0,2.76,7.06,1,3.0
7.14,4,78,2,1,2,6,7,8,4,6,6,4,6.2,5.0,4.14,5.14,0,0.0
9.63,0,75,1,4,3,8,9,6,6,7,5,7,7.2,6.0,5.17,9.63,1,10.14
7.96,1,91,2,2,1,3,8,7,5,5,7,9,5.6,8.0,4.48,7.46,1,6.05
5.51,3,87,0,1,0,5,5,3,1,3,3,6,3.4,4.5,0.69,4.01,0,0.0
7.0,1,90,0,4,5,5,6,7,5,6,5,6,5.8,5.5,4.48,6.5,1,7.61
7.95,0,92,3,1,2,7,9,5,5,8,6,8,6.8,7.0,5.52,7.95,1,7.3
7.05,0,79,0,0,2,4,5,5,5,6,3,6,5.0,4.5,0.69,7.05,1,3.0
6.98,0,74,0,2,0,8,5,5,2,5,5,7,5.0,6.0,1.38,6.98,1,5.07
9.07,0,81,2,1,1,3,5,6,5,4,6,7,4.6,6.5,3.79,9.07,1,4.36
6.32,3,89,0,2,2,6,6,4,3,4,4,4,4.6,4.0,2.07,4.82,0,0.0
8.23,0,78,1,4,1,7,7,7,6,6,8,7,6.6,7.5,4.48,8.23,1,9.52
6.91,2,69,0,1,0,1,1,4,4,3,6,6,2.6,6.0,0.69,5.91,0,0.0
6.07,4,84,0,0,2,6,5,5,1,4,6,5,4.2,5.5,0.69,4.07,1,3.0
6.48,1,90,0,4,1,5,5,4,3,4,3,5,4.2,4.0,3.1,5.98,1,3.0
7.06,0,66,0,3,2,2,5,6,4,5,7,7,4.4,7.0,2.76,7.06,1,3.02
7.88,0,74,0,3,1,5,6,6,4,9,5,7,6.0,6.0,2.41,7.88,1,4.24
6.82,2,71,1,0,1,5,4,5,4,5,7,4,4.6,5.5,1.72,5.82,0,0.0
6.88,1,78,1,2,0,7,8,3,4,6,4,5,5.6,4.5,2.76,6.38,1,5.12
8.2,0,88,2,6,2,6,9,7,4,7,6,6,6.6,6.0,7.59,8.2,1,8.88
7.35,1,76,0,1,2,2,6,5,5,5,6,5,4.6,5.5,1.38,6.85,1,3.0
7.13,0,90,0,1,1,7,6,3,4,6,4,5,5.2,4.5,1.03,7.13,1,3.74
7.63,0,82,2,1,2,7,8,6,4,7,4,8,6.4,6.0,4.14,7.63,1,8.59
6.18,1,95,0,3,1,2,6,7,2,6,2,4,4.6,3.0,2.41,5.68,0,0.0
6.81,2,81,1,1,0,6,7,5,4,5,10,3,5.4,6.5,2.07,5.81,1,5.75
6.52,0,74,0,1,0,5,5,4,3,3,2,8,4.0,5.0,0.69,6.52,1,3.0
7.62,0,86,1,3,2,6,7,7,2,4,4,5,5.2,4.5,4.14,7.62,1,5.04
7.41,0,78,1,4,1,5,7,5,3,6,6,8,5.2,7.0,4.48,7.41,1,6.19
6.85,0,66,1,5,2,5,6,6,4,4,4,7,5.0,5.5,5.52,6.85,1,5.64
7.21,1,80,1,1,1,6,7,6,4,7,4,5,6.0,4.5,2.41,6.71,1,4.81
5.0,1,73,0,0,1,4,2,4,1,5,1,4,3.2,2.5,0.34,4.5,0,0.0
6.8,1,64,2,0,1,6,4,5,4,5,6,5,4.8,5.5,3.1,6.3,1,4.92
5.79,2,76,1,2,1,2,2,7,3,6,4,5,4.0,4.5,3.1,4.79,0,0.0
5.0,1,50,0,0,0,2,3,2,1,2,4,3,2.0,3.5,0.0,4.5,0,0.0
6.28,3,75,0,1,0,5,6,4,2,4,5,5,4.2,5.0,0.69,4.78,0,0.0
6.06,1,78,1,0,1,5,6,6,3,5,5,5,5.0,5.0,1.72,5.56,1,3.17
7.82,1,80,2,3,1,5,5,4,3,5,5,8,4.4,6.5,5.17,7.32,1,5.7
6.65,2,76,0,1,2,6,5,6,5,3,5,4,5.0,4.5,1.38,5.65,1,3.65
6.72,0,77,1,3,1,7,5,4,6,3,4,4,5.0,4.0,3.79,6.72,1,4.37
6.1,3,67,0,1,2,3,5,5,2,3,3,4,3.6,3.5,1.38,4.6,0,0.0
7.0,1,78,0,2,1,4,4,6,2,7,4,6,4.6,5.0,1.72,6.5,0,0.0
7.37,1,79,1,3,2,7,6,5,6,4,8,4,5.6,6.0,4.14,6.87,1,7.64
7.02,0,71,0,3,2,7,4,5,5,4,5,8,5.0,6.5,2.76,7.02,1,5.09
8.58,0,84,0,2,2,5,6,6,8,6,3,7,6.2,5.0,2.07,8.58,1,5.69
7.65,0,85,0,3,3,4,6,6,7,5,6,6,5.6,6.0,3.1,7.65,1,6.09
6.49,2,72,1,1,1,4,4,2,1,4,3,5,3.0,4.0,2.41,5.49,0,0.0
7.36,0,99,2,2,1,4,3,5,5,4,5,4,4.2,4.5,4.48,7.36,1,4.14
6.57,2,80,3,2,2,4,6,6,5,6,6,5,5.4,5.5,6.21,5.57,1,6.3
7.28,0,71,1,4,1,3,4,2,3,3,6,4,3.0,5.0,4.48,7.28,1,3.0
6.49,0,74,1,0,0,5,6,3,4,3,4,3,4.2,3.5,1.38,6.49,1,3.0
7.39,2,69,1,2,0,6,4,5,4,5,6,6,4.8,6.0,2.76,6.39,1,4.15
7.24,1,83,1,2,0,4,6,5,5,5,6,5,5.0,5.5,2.76,6.74,1,4.34
8.52,0,73,3,6,0,7,7,6,5,9,4,5,6.8,4.5,8.28,8.52,1,11.44
8.13,0,75,3,5,1,7,7,7,4,7,6,6,6.4,6.0,7.93,8.13,1,7.73
7.14,2,79,0,6,0,5,5,5,6,5,5,6,5.2,5.5,4.14,6.14,0,0.0
6.26,1,65,0,3,0,3,3,5,1,1,3,7,2.6,5.0,2.07,5.76,0,0.0
6.06,0,59,0,0,1,3,3,2,4,3,2,2,3.0,2.0,0.34,6.06,0,0.0
5.4,0,67,1,3,1,2,5,5,1,1,5,8,2.8,6.5,3.79,5.4,1,3.0
7.47,0,91,0,1,0,6,6,5,5,7,10,5,5.8,7.5,0.69,7.47,1,5.04
8.73,1,82,0,6,1,6,5,6,4,6,4,4,5.4,4.0,4.48,8.23,1,8.24
6.17,1,89,1,2,2,5,5,5,1,5,5,7,4.2,6.0,3.45,5.67,0,0.0
6.3,1,81,0,1,0,2,5,4,1,3,5,4,3.0,4.5,0.69,5.8,0,0.0
5.0,1,75,0,0,1,2,3,1,2,2,3,6,2.0,4.5,0.34,4.5,0,0.0
6.98,0,92,1,2,2,3,5,4,1,5,7,4,3.6,5.5,3.45,6.98,1,3.27
6.63,2,84,0,2,1,5,5,7,8,5,9,5,6.0,7.0,1.72,5.63,1,6.21
6.95,0,83,0,0,3,7,5,4,4,6,5,4,5.2,4.5,1.03,6.95,1,3.66
6.55,0,74,1,1,0,3,5,4,1,4,5,6,3.4,5.5,2.07,6.55,1,3.0
6.78,2,92,1,1,0,7,6,6,5,5,5,7,5.8,6.0,2.07,5.78,1,5.54
5.91,0,78,0,1,0,2,4,2,1,4,3,3,2.6,3.0,0.69,5.91,0,0.0
5.85,0,65,0,0,1,3,4,2,1,3,3,4,2.6,3.5,0.34,5.85,1,3.0
9.32,0,90,3,6,5,9,9,8,6,6,5,8,7.6,6.5,10.0,9.32,1,11.68
6.52,1,74,1,1,2,5,3,7,2,6,5,4,4.6,4.5,2.76,6.02,1,3.44
8.17,1,88,0,2,3,3,5,5,3,4,6,7,4.0,6.5,2.41,7.67,1,3.31
8.67,0,83,3,5,1,6,8,5,7,7,6,7,6.6,6.5,7.93,8.67,1,8.09
9.15,0,80,1,2,2,7,9,7,7,8,9,7,7.6,8.0,3.45,9.15,1,10.95
5.97,1,83,1,2,1,4,5,3,4,1,6,3,3.4,4.5,3.1,5.47,1,3.42
6.81,1,67,1,0,2,5,3,3,3,6,7,4,4.0,5.5,2.07,6.31,1,3.31
7.83,0,80,0,1,4,3,5,4,2,5,4,6,3.8,5.0,2.07,7.83,0,0.0
8.58,1,73,0,1,2,4,6,6,4,5,5,7,5.0,6.0,1.38,8.08,1,3.51
7.08,0,78,1,3,1,3,3,6,1,4,5,6,3.4,5.5,3.79,7.08,0,0.0
7.54,1,84,1,6,3,5,7,7,3,7,5,5,5.8,5.0,6.55,7.04,1,5.72
6.56,1,69,0,0,0,4,5,3,2,4,4,4,3.6,4.0,0.0,6.06,0,0.0
7.74,2,70,2,3,0,5,4,5,2,7,6,5,4.6,5.5,4.83,6.74,1,5.69
6.22,0,88,0,0,0,5,5,4,4,3,6,8,4.2,7.0,0.0,6.22,1,3.0
6.39,1,76,1,4,2,5,6,2,4,6,6,4,4.6,5.0,4.83,5.89,1,4.38
6.42,0,73,1,1,2,4,5,4,2,5,7,5,4.0,6.0,2.76,6.42,1,3.0
6.89,1,78,0,2,2,3,6,5,4,5,3,2,4.6,2.5,2.07,6.39,1,3.0
6.78,0,78,0,2,1,2,5,3,1,4,4,4,3.0,4.0,1.72,6.78,0,0.0
7.25,0,82,3,5,3,7,4,3,2,5,3,5,4.2,4.0,8.62,7.25,1,6.2
7.14,0,81,2,1,4,4,4,4,5,4,6,6,4.2,6.0,4.83,7.14,1,3.3
6.68,0,77,3,3,1,3,5,5,7,4,6,5,4.8,5.5,6.55,6.68,1,10.8
7.45,1,79,0,4,1,6,6,6,5,5,7,4,5.6,5.5,3.1,6.95,1,8.6
5.81,0,73,1,1,1,3,5,3,3,3,3,4,3.4,3.5,2.41,5.81,0,0.0
6.77,0,86,0,5,1,7,9,8,5,5,7,6,6.8,6.5,3.79,6.77,1,8.73
7.66,1,91,1,3,2,6,8,6,4,8,8,4,6.4,6.0,4.14,7.16,1,7.02
6.85,1,80,2,2,3,6,6,6,5,4,4,5,5.4,4.5,5.17,6.35,1,4.85
7.22,1,75,1,4,3,5,7,4,6,6,4,6,5.6,5.0,5.17,6.72,1,8.15
7.95,0,80,1,3,0,6,7,5,5,4,4,5,5.4,4.5,3.45,7.95,1,5.51
6.55,2,82,1,2,3,6,4,3,5,3,6,6,4.2,6.0,3.79,5.55,1,4.55
8.71,0,67,3,5,1,4,5,8,5,6,5,7,5.6,6.0,7.93,8.71,1,8.24
7.64,0,64,0,1,3,5,7,6,6,5,6,5,5.8,5.5,1.72,7.64,1,5.92
7.14,0,94,2,5,5,7,6,3,5,9,7,6,6.0,6.5,7.93,7.14,1,7.65
6.69,1,91,1,0,1,3,4,5,4,5,8,5,4.2,6.5,1.72,6.19,1,3.0
5.85,0,64,1,2,2,3,3,5,3,3,6,7,3.4,6.5,3.45,5.85,0,0.0
7.75,0,82,1,1,1,6,7,6,5,10,5,6,6.8,5.5,2.41,7.75,1,9.25
7.87,0,74,0,1,0,6,6,5,2,4,4,5,4.6,4.5,0.69,7.87,1,4.3
7.02,2,80,1,5,1,7,7,6,6,7,5,7,6.6,6.0,5.17,6.02,1,10.7
5.77,2,76,0,0,0,2,3,1,1,2,3,6,1.8,4.5,0.0,4.77,0,0.0
7.3,1,70,3,3,1,6,4,9,5,5,8,5,5.8,6.5,6.55,6.8,1,8.45
8.09,0,75,1,2,4,5,7,6,6,6,6,6,6.0,6.0,4.14,8.09,1,5.26
6.49,2,76,1,2,1,5,5,4,5,5,6,6,4.8,6.0,3.1,5.49,1,4.18
6.89,1,77,1,2,3,6,4,4,4,5,5,6,4.6,5.5,3.79,6.39,1,5.91
6.72,0,68,1,1,1,4,7,5,5,7,5,7,5.6,6.0,2.41,6.72,1,4.03
6.64,1,83,1,2,0,7,4,5,3,4,4,7,4.6,5.5,2.76,6.14,1,3.89
7.09,0,73,0,1,1,3,4,3,3,5,7,6,3.6,6.5,1.03,7.09,1,3.0
7.68,0,75,1,3,0,4,5,7,4,5,5,6,5.0,5.5,3.45,7.68,1,4.94
7.51,1,86,3,2,0,6,6,7,4,6,10,5,5.8,7.5,5.52,7.01,1,10.71
6.63,0,76,1,2,3,6,6,6,4,4,6,5,5.2,5.5,3.79,6.63,0,0.0
7.96,0,84,2,1,0,6,7,6,4,5,4,6,5.6,5.0,3.45,7.96,1,6.73
6.26,3,68,0,2,1,2,4,1,3,3,1,5,2.6,3.0,1.72,4.76,0,0.0
7.22,2,71,1,2,1,7,7,7,5,7,8,6,6.6,7.0,3.1,6.22,0,0.0
8.06,0,80,2,0,1,5,6,6,5,5,6,6,5.4,6.0,3.1,8.06,1,4.98
7.01,0,80,1,0,2,6,6,5,4,6,7,5,5.4,6.0,2.07,7.01,1,4.06
6.64,1,67,0,2,1,6,5,3,6,6,8,7,5.2,7.5,1.72,6.14,1,3.0
6.25,0,67,0,2,2,2,4,2,1,3,6,3,2.4,4.5,2.07,6.25,0,0.0
7.24,1,78,1,2,1,4,5,5,3,3,6,5,4.0,5.5,3.1,6.74,0,0.0
7.75,0,73,2,3,2,8,8,6,6,5,8,9,6.6,8.5,5.52,7.75,1,8.36
5.81,0,67,0,1,2,5,5,6,3,3,6,6,4.4,6.0,1.38,5.81,1,3.0
8.36,0,91,0,2,2,8,7,8,5,6,4,5,6.8,4.5,2.07,8.36,1,6.07
7.07,0,70,0,1,1,2,3,4,2,4,6,4,3.0,5.0,1.03,7.07,0,0.0
7.46,0,86,1,3,1,5,6,4,3,4,5,5,4.4,5.0,3.79,7.46,1,3.81
7.2,2,79,0,1,1,4,3,3,3,4,7,4,3.4,5.5,1.03,6.2,1,3.0
7.35,2,86,1,3,2,9,7,7,7,7,7,4,7.4,5.5,4.14,6.35,1,11.04
7.18,0,71,0,1,1,6,5,5,4,4,6,5,4.8,5.5,1.03,7.18,0,0.0
8.17,0,60,1,2,0,6,8,7,6,7,5,2,6.8,3.5,2.76,8.17,1,8.92
8.16,1,67,2,1,1,6,7,7,4,7,3,8,6.2,5.5,3.79,7.66,1,9.97
7.14,0,75,1,5,1,6,6,5,5,7,6,7,5.8,6.5,5.17,7.14,1,6.06
6.68,1,79,2,2,5,6,8,4,2,4,7,8,4.8,7.5,5.86,6.18,1,5.56
8.34,0,65,2,4,1,5,7,9,5,6,5,7,6.4,6.0,5.86,8.34,1,5.79
7.06,0,76,0,2,0,7,7,6,4,6,5,5,6.0,5.0,1.38,7.06,1,5.68
7.57,1,70,1,2,5,4,5,5,7,6,3,7,5.4,5.0,4.48,7.07,1,4.82
7.17,0,79,0,3,0,5,5,6,5,3,5,4,4.8,4.5,2.07,7.17,1,4.49
6.99,1,73,0,2,2,3,3,4,2,3,3,4,3.0,3.5,2.07,6.49,0,0.0
7.41,2,87,1,0,0,5,5,5,3,4,6,5,4.4,5.5,1.38,6.41,0,0.0
6.95,0,89,1,1,4,8,7,6,4,5,7,7,6.0,7.0,3.45,6.95,1,8.62
6.55,3,83,0,2,5,2,6,4,3,8,5,4,4.6,4.5,3.1,5.05,0,0.0
7.43,1,81,1,2,2,4,4,4,5,2,7,4,3.8,5.5,3.45,6.93,1,3.96
6.19,1,74,1,0,2,3,9,4,4,4,6,5,4.8,5.5,2.07,5.69,0,0.0
7.7,0,100,2,3,1,6,6,7,6,7,7,7,6.4,7.0,5.17,7.7,1,6.82
6.8,2,65,0,2,0,3,6,4,5,4,6,6,4.4,6.0,1.38,5.8,0,0.0
8.29,1,76,2,3,2,7,8,8,4,6,5,10,6.6,7.5,5.52,7.79,1,8.95
8.29,0,87,1,6,1,5,7,5,4,6,7,6,5.4,6.5,5.86,8.29,1,6.2
7.46,0,90,0,3,1,6,5,3,4,6,4,6,4.8,5.0,2.41,7.46,1,4.07
7.12,0,88,3,1,3,8,7,7,4,6,7,4,6.4,5.5,5.86,7.12,1,7.95
5.94,0,76,0,1,0,3,2,3,1,4,5,5,2.6,5.0,0.69,5.94,0,0.0
7.66,0,70,1,1,2,8,9,9,4,4,5,5,6.8,5.0,2.76,7.66,1,8.64
7.98,0,90,0,2,1,7,6,6,6,5,4,7,6.0,5.5,1.72,7.98,1,3.56
7.94,1,81,0,6,2,5,7,7,5,7,5,8,6.2,6.5,4.83,7.44,1,7.33
6.95,1,91,0,1,2,7,5,6,4,7,8,5,5.8,6.5,1.38,6.45,1,5.78
6.84,1,58,0,3,0,3,3,4,1,2,3,3,2.6,3.0,2.07,6.34,0,0.0
7.72,1,83,0,2,2,4,4,7,5,4,4,4,4.8,4.0,2.07,7.22,1,3.63
5.59,1,70,0,2,0,4,5,4,2,4,5,5,3.8,5.0,1.38,5.09,0,0.0
7.09,3,84,2,4,0,5,4,5,4,5,1,5,4.6,3.0,5.52,5.59,1,4.0
7.73,1,83,0,1,1,4,5,7,4,5,4,6,5.0,5.0,1.03,7.23,1,3.97
8.33,0,87,1,3,3,6,6,7,7,6,9,5,6.4,7.0,4.48,8.33,1,8.93
8.01,0,72,1,6,2,8,7,4,4,5,4,9,5.6,6.5,6.21,8.01,1,9.07
5.44,1,74,0,1,1,3,3,1,1,3,4,6,2.2,5.0,1.03,4.94,0,0.0
7.64,2,81,0,1,4,8,7,6,5,6,7,6,6.4,6.5,2.07,6.64,1,7.41
7.29,0,84,3,6,0,5,5,6,4,7,6,4,5.4,5.0,8.28,7.29,1,6.7
6.5,1,87,2,6,2,5,7,9,5,6,5,8,6.4,6.5,7.59,6.0,1,7.42
7.89,1,79,2,1,1,4,6,6,4,7,6,8,5.4,7.0,3.79,7.39,1,6.15
5.0,2,61,0,1,0,3,3,2,1,2,6,4,2.2,5.0,0.69,4.0,0,0.0
5.82,1,75,0,1,2,4,4,3,3,3,3,6,3.4,4.5,1.38,5.32,0,0.0
7.94,0,99,1,6,2,5,4,6,5,6,5,5,5.2,5.0,6.21,7.94,1,5.42
6.38,1,92,0,0,1,3,7,4,3,3,5,3,4.0,4.0,0.34,5.88,0,0.0
8.31,0,60,0,3,4,9,8,6,5,7,8,7,7.0,7.5,3.45,8.31,1,9.46
6.93,0,78,2,1,0,5,6,4,4,5,5,4,4.8,4.5,3.45,6.93,0,0.0
8.17,0,92,1,4,1,7,8,7,7,7,6,5,7.2,5.5,4.48,8.17,1,7.53
7.51,1,82,0,0,2,5,8,5,3,6,4,6,5.4,5.0,0.69,7.01,0,0.0
7.23,0,76,1,2,0,6,8,6,3,5,4,7,5.6,5.5,2.76,7.23,1,5.58
7.5,1,74,3,3,0,6,6,6,3,4,6,4,5.0,5.0,6.21,7.0,1,6.0
8.07,0,89,1,4,1,5,6,6,5,7,6,5,5.8,5.5,4.48,8.07,1,7.89
6.18,0,67,2,1,1,5,5,7,1,3,5,4,4.2,4.5,3.79,6.18,1,3.0
7.2,0,88,1,3,1,7,4,7,5,7,5,5,6.0,5.0,3.79,7.2,1,6.05
6.08,1,75,0,0,0,4,4,4,2,4,8,4,3.6,6.0,0.0,5.58,0,0.0
6.56,0,67,1,1,1,5,5,3,1,3,4,6,3.4,5.0,2.41,6.56,1,3.0
6.2,0,81,3,1,0,5,5,4,1,2,5,5,3.4,5.0,4.83,6.2,1,4.66
7.53,0,69,0,2,1,7,7,6,4,6,8,6,6.0,7.0,1.72,7.53,1,5.48
8.43,0,74,1,2,3,5,5,5,2,6,6,6,4.6,6.0,3.79,8.43,1,6.6
7.01,0,83,1,5,1,6,8,6,6,5,5,3,6.2,4.0,5.17,7.01,1,8.2
6.73,2,91,1,2,0,4,5,3,3,4,5,5,3.8,5.0,2.76,5.73,1,3.3
8.66,1,72,0,1,2,5,3,6,5,4,5,7,4.6,6.0,1.38,8.16,1,3.0
6.36,0,61,0,1,1,4,6,4,2,4,8,5,4.0,6.5,1.03,6.36,1,3.8
7.79,0,80,1,4,1,5,8,5,5,7,6,6,6.0,6.0,4.48,7.79,1,6.22
7.16,0,82,0,4,0,8,5,5,3,8,5,7,5.8,6.0,2.76,7.16,1,6.77
8.65,0,89,0,3,2,6,4,6,5,6,9,9,5.4,9.0,2.76,8.65,1,5.93
6.83,2,90,0,0,0,5,3,4,3,4,4,4,3.8,4.0,0.0,5.83,0,0.0
7.88,0,89,2,5,0,5,4,5,5,6,6,7,5.0,6.5,6.21,7.88,1,7.51
7.24,0,77,0,1,0,7,5,5,5,3,6,6,5.0,6.0,0.69,7.24,1,5.64
6.71,0,65,0,3,0,4,3,3,3,3,5,5,3.2,5.0,2.07,6.71,0,0.0
7.46,0,92,1,3,0,6,7,4,4,3,5,5,4.8,5.0,3.45,7.46,1,6.16
8.41,0,71,0,2,1,3,7,4,5,6,6,8,5.0,7.0,1.72,8.41,1,4.24
6.45,2,68,0,0,0,5,5,3,4,6,4,6,4.6,5.0,0.0,5.45,0,0.0
5.28,3,70,0,0,1,4,5,1,1,4,6,2,3.0,4.0,0.34,3.78,0,0.0
7.75,0,67,1,1,0,5,6,4,6,6,5,4,5.4,4.5,2.07,7.75,1,5.79
7.29,1,76,1,2,3,6,5,5,3,5,7,5,4.8,6.0,3.79,6.79,1,4.65
7.78,0,79,1,1,2,4,8,7,4,5,7,5,5.6,6.0,2.76,7.78,1,6.54
7.85,0,88,3,6,5,8,8,8,6,8,7,8,7.6,7.5,10.0,7.85,1,11.23
5.77,2,75,2,0,3,4,5,3,3,4,5,3,3.8,4.0,3.79,4.77,0,0.0
6.66,0,71,0,2,1,6,4,3,3,5,7,4,4.2,5.5,1.72,6.66,0,0.0
6.64,1,64,1,0,3,4,3,4,1,2,5,2,2.8,3.5,2.41,6.14,0,0.0
7.11,1,81,1,0,0,6,4,3,2,5,1,3,4.0,2.0,1.38,6.61,0,0.0
6.84,0,80,1,1,1,7,8,6,5,6,5,5,6.4,5.0,2.41,6.84,1,6.18
7.28,1,75,2,3,3,5,4,5,6,6,6,6,5.2,6.0,5.86,6.78,1,4.04
6.61,1,72,0,2,3,5,7,2,5,6,6,5,5.0,5.5,2.41,6.11,0,0.0
5.78,0,78,0,0,1,2,5,5,3,1,5,4,3.2,4.5,0.34,5.78,1,3.0
5.94,0,85,0,0,0,2,1,1,2,2,6,1,1.6,3.5,0.0,5.94,0,0.0
6.45,3,72,0,1,2,8,7,5,4,5,6,5,5.8,5.5,1.38,4.95,1,4.96
5.83,2,76,1,3,3,5,5,4,2,4,2,5,4.0,3.5,4.48,4.83,0,0.0
6.71,0,83,0,1,0,4,4,4,3,4,5,4,3.8,4.5,0.69,6.71,0,0.0
7.44,1,71,1,4,2,7,6,6,4,4,7,6,5.4,6.5,4.83,6.94,1,6.66
7.04,0,74,0,3,0,5,4,3,2,3,5,3,3.4,4.0,2.07,7.04,1,3.0
8.04,1,83,2,4,0,8,7,7,6,8,7,5,7.2,6.0,5.52,7.54,1,9.05
7.77,0,69,1,3,0,6,5,6,5,6,5,7,5.6,6.0,3.45,7.77,1,5.56
6.23,2,75,2,1,1,5,4,3,2,5,6,3,3.8,4.5,3.79,5.23,0,0.0
7.34,1,81,1,2,0,3,4,5,4,3,5,6,3.8,5.5,2.76,6.84,1,3.43
6.55,0,80,0,1,2,6,6,3,1,7,6,4,4.6,5.0,1.38,6.55,1,3.24
7.08,0,64,1,1,0,1,5,3,3,4,5,5,3.2,5.0,2.07,7.08,0,0.0
7.22,1,82,1,1,2,8,7,7,5,9,6,8,7.2,7.0,2.76,6.72,1,5.65
6.57,0,87,1,1,0,4,4,4,5,5,5,4,4.4,4.5,2.07,6.57,1,3.0
7.36,1,94,0,5,1,6,6,6,6,5,6,8,5.8,7.0,3.79,6.86,1,5.35
7.4,2,89,0,0,2,5,4,5,5,7,7,5,5.2,6.0,0.69,6.4,1,3.7
6.47,1,71,1,4,3,7,5,4,3,6,7,6,5.0,6.5,5.17,5.97,1,4.26
7.6,0,83,0,5,2,6,8,7,3,6,7,7,6.0,7.0,4.14,7.6,1,5.23
5.0,0,67,0,0,0,2,4,2,1,2,3,4,2.2,3.5,0.0,5.0,0,0.0
6.51,0,81,0,5,2,5,4,3,5,5,4,5,4.4,4.5,4.14,6.51,1,4.28
6.21,0,69,0,0,0,5,2,3,1,2,4,4,2.6,4.0,0.0,6.21,1,3.0
6.58,0,69,1,3,2,5,3,5,3,4,6,2,4.0,4.0,4.14,6.58,1,3.0
6.26,2,74,0,3,0,3,4,4,2,4,6,3,3.4,4.5,2.07,5.26,0,0.0
7.32,1,78,0,0,1,3,5,6,1,3,3,7,3.6,5.0,0.34,6.82,0,0.0
7.59,0,83,0,4,0,6,6,7,4,4,6,8,5.4,7.0,2.76,7.59,1,5.13
6.9,0,87,0,2,2,8,7,7,6,9,6,6,7.4,6.0,2.07,6.9,1,6.43
8.54,0,88,1,4,3,6,8,7,3,9,8,4,6.6,6.0,5.17,8.54,1,8.6
8.96,0,91,2,6,5,10,7,8,5,8,7,6,7.6,6.5,8.62,8.96,1,12.28
6.52,1,78,1,2,1,4,6,3,3,3,4,4,3.8,4.0,3.1,6.02,0,0.0
7.62,2,80,0,3,1,8,7,7,6,6,6,6,6.8,6.0,2.41,6.62,1,7.85
7.32,0,77,0,1,2,3,5,5,3,4,5,4,4.0,4.5,1.38,7.32,0,0.0
5.88,0,90,1,4,2,6,4,3,4,6,5,6,4.6,5.5,4.83,5.88,1,3.71
6.11,4,74,0,3,1,3,4,4,1,4,3,5,3.2,4.0,2.41,4.11,0,0.0
5.75,3,74,0,1,0,2,6,4,1,4,5,6,3.4,5.5,0.69,4.25,0,0.0
6.53,1,76,0,1,1,3,3,4,3,4,6,4,3.4,5.0,1.03,6.03,0,0.0
6.71,0,78,0,4,1,7,5,5,3,4,7,6,4.8,6.5,3.1,6.71,1,5.18
7.46,0,78,3,3,2,7,6,7,6,7,7,7,6.6,7.0,6.9,7.46,1,7.81
8.34,0,83,1,6,2,6,7,9,4,6,6,8,6.4,7.0,6.21,8.34,1,9.54
6.13,2,68,0,0,0,2,2,2,1,4,4,3,2.2,3.5,0.0,5.13,0,0.0
8.33,0,79,1,1,4,7,4,5,2,4,5,6,4.4,5.5,3.45,8.33,1,5.2
5.29,1,66,0,0,0,3,4,6,1,3,5,5,3.4,5.0,0.0,4.79,0,0.0
7.75,0,83,2,4,1,7,9,7,4,7,7,6,6.8,6.5,5.86,7.75,1,9.78
6.72,1,86,3,2,1,7,6,5,5,5,6,6,5.6,6.0,5.86,6.22,1,5.53
6.54,2,79,0,0,1,1,4,5,3,4,2,6,3.4,4.0,0.34,5.54,0,0.0
6.95,2,60,0,3,0,7,6,6,6,2,6,5,5.4,5.5,2.07,5.95,1,4.74
5.42,0,71,0,0,0,1,3,1,1,2,4,3,1.6,3.5,0.0,5.42,0,0.0
5.8,4,71,0,4,0,3,5,2,1,4,4,4,3.0,4.0,2.76,3.8,0,0.0
6.64,2,74,1,1,1,7,6,5,4,4,4,5,5.2,4.5,2.41,5.64,1,4.07
6.58,1,82,1,3,0,6,5,4,2,5,4,5,4.4,4.5,3.45,6.08,1,4.39
7.32,0,65,1,3,0,5,4,3,4,5,4,5,4.2,4.5,3.45,7.32,1,5.0
7.36,0,92,2,3,2,7,8,6,2,7,5,7,6.0,6.0,5.52,7.36,1,7.97
6.94,1,81,1,3,2,8,6,6,5,5,6,6,6.0,6.0,4.14,6.44,1,6.45
7.62,0,61,1,0,1,7,5,5,5,5,4,6,5.4,5.0,1.72,7.62,1,5.03
7.81,0,80,1,3,3,8,7,7,6,4,9,5,6.4,7.0,4.48,7.81,1,9.31
7.3,0,75,0,2,2,5,7,2,3,4,7,8,4.2,7.5,2.07,7.3,1,3.79
5.68,2,72,0,2,1,3,5,2,2,3,5,4,3.0,4.5,1.72,4.68,0,0.0
7.43,0,78,0,4,3,7,8,7,6,8,7,9,7.2,8.0,3.79,7.43,1,6.43
6.88,1,78,1,0,2,5,4,7,3,4,8,5,4.6,6.5,2.07,6.38,1,3.36
8.65,0,80,2,6,2,7,9,10,6,6,9,8,7.6,8.5,7.59,8.65,1,12.66
7.7,2,68,2,5,0,5,7,6,4,6,5,5,5.6,5.0,6.21,6.7,1,6.76
6.46,2,84,1,2,1,4,4,4,2,4,5,8,3.6,6.5,3.1,5.46,0,0.0
7.04,2,78,0,0,1,4,7,3,3,8,6,7,5.0,6.5,0.34,6.04,0,0.0
9.16,0,76,1,2,2,7,7,8,6,3,6,8,6.2,7.0,3.45,9.16,1,6.86
7.18,0,62,1,1,1,5,5,6,3,5,5,6,4.8,5.5,2.41,7.18,1,3.73
6.05,1,76,1,1,0,4,3,4,1,5,4,8,3.4,6.0,2.07,5.55,1,3.0
7.09,0,65,0,0,1,5,4,3,4,4,5,8,4.0,6.5,0.34,7.09,0,0.0
6.98,0,81,1,2,2,7,6,9,5,7,6,6,6.8,6.0,3.45,6.98,1,6.48
7.08,1,74,2,1,0,7,3,6,2,6,7,5,4.8,6.0,3.45,6.58,1,5.72
7.6,0,76,1,0,3,5,7,6,5,5,4,7,5.6,5.5,2.41,7.6,1,5.92
8.02,0,77,0,4,0,7,8,8,5,6,8,3,6.8,5.5,2.76,8.02,1,7.63
7.12,0,69,0,4,1,5,4,4,1,5,3,7,3.8,5.0,3.1,7.12,1,3.0
6.33,1,77,1,2,0,4,6,5,4,5,5,6,4.8,5.5,2.76,5.83,1,3.92
5.45,1,78,0,2,0,2,5,2,1,4,6,4,2.8,5.0,1.38,4.95,0,0.0
5.26,0,66,0,0,0,1,2,1,5,3,5,1,2.4,3.0,0.0,5.26,0,0.0
5.74,0,75,0,1,0,4,3,2,2,5,4,5,3.2,4.5,0.69,5.74,0,0.0
6.44,2,79,0,3,1,1,4,2,1,3,5,3,2.2,4.0,2.41,5.44,0,0.0
7.62,2,70,0,2,0,5,9,5,7,6,8,3,6.4,5.5,1.38,6.62,1,5.86
8.89,0,80,1,6,0,6,7,7,5,7,5,7,6.4,6.0,5.52,8.89,1,7.89
8.57,0,80,2,2,2,7,9,7,7,7,8,9,7.4,8.5,4.83,8.57,1,10.83
6.78,0,69,1,0,2,5,4,4,3,5,6,4,4.2,5.0,2.07,6.78,1,3.0
7.4,1,84,3,5,2,5,8,5,3,5,6,8,5.2,7.0,8.28,6.9,1,7.05
6.46,2,72,0,3,0,6,5,3,1,4,7,6,3.8,6.5,2.07,5.46,1,3.14
7.03,0,68,0,0,1,4,2,5,6,6,8,3,4.6,5.5,0.34,7.03,0,0.0
6.76,2,86,1,1,3,4,4,4,2,3,7,5,3.4,6.0,3.1,5.76,1,3.06
7.6,0,87,1,5,2,6,6,6,6,7,7,7,6.2,7.0,5.52,7.6,1,7.44
6.33,1,62,2,3,0,5,7,6,4,5,3,5,5.4,4.0,4.83,5.83,1,6.24
7.07,1,64,1,1,0,4,6,7,4,7,4,7,5.6,5.5,2.07,6.57,1,5.26
6.48,0,81,0,3,3,3,4,4,2,4,5,4,3.4,4.5,3.1,6.48,1,3.0
7.26,1,74,0,2,0,2,4,7,6,4,4,6,4.6,5.0,1.38,6.76,1,3.0
9.02,0,100,3,6,1,10,10,10,7,10,9,9,9.4,9.0,8.62,9.02,1,14.18
7.46,1,84,1,2,1,1,7,6,3,5,1,5,4.4,3.0,3.1,6.96,1,3.0
8.2,0,87,2,1,5,9,7,9,7,10,8,8,8.4,8.0,5.17,8.2,1,10.64
7.01,1,69,0,5,1,6,4,6,3,5,5,3,4.8,4.0,3.79,6.51,0,0.0
8.19,0,85,1,4,3,8,4,5,3,6,5,5,5.2,5.0,5.17,8.19,1,6.62
6.97,2,64,0,2,0,7,5,5,3,4,7,5,4.8,6.0,1.38,5.97,1,4.37
7.14,1,87,1,3,2,6,5,4,4,5,5,7,4.8,6.0,4.14,6.64,1,4.71
7.47,1,83,0,2,2,4,4,5,5,3,3,3,4.2,3.0,2.07,6.97,0,0.0
7.43,1,77,1,6,2,9,8,7,8,6,7,6,7.6,6.5,6.21,6.93,1,9.52
5.98,0,83,1,4,1,3,3,6,1,3,6,5,3.2,5.5,4.48,5.98,0,0.0
7.52,2,100,0,6,4,4,8,7,7,6,6,7,6.4,6.5,5.52,6.52,1,5.46
7.82,1,80,0,3,4,9,7,5,4,8,10,6,6.6,8.0,3.45,7.32,1,8.11
6.57,1,86,0,2,1,7,6,9,4,7,7,5,6.6,6.0,1.72,6.07,0,0.0
6.68,0,74,0,0,0,2,5,6,3,4,7,5,4.0,6.0,0.0,6.68,1,3.0
7.76,2,87,3,6,4,6,7,7,5,7,7,8,6.4,7.5,9.66,6.76,1,11.46
7.03,0,65,0,3,1,5,5,3,2,4,7,4,3.8,5.5,2.41,7.03,1,3.0
7.6,1,77,1,4,0,4,7,6,1,5,5,3,4.6,4.0,4.14,7.1,1,5.67
5.05,1,71,0,0,1,1,4,1,3,1,2,4,2.0,3.0,0.34,4.55,0,0.0
7.76,0,100,0,2,4,9,7,7,6,5,8,8,6.8,8.0,2.76,7.76,1,6.84
6.21,0,65,0,0,0,6,4,5,2,2,5,3,3.8,4.0,0.0,6.21,0,0.0
5.47,2,72,0,1,0,3,3,2,1,2,5,6,2.2,5.5,0.69,4.47,0,0.0
8.08,0,94,0,5,2,7,6,6,8,6,6,8,6.6,7.0,4.14,8.08,1,7.94
6.72,1,78,0,5,1,8,7,6,5,5,7,5,6.2,6.0,3.79,6.22,1,13.05
6.54,1,82,1,1,1,5,5,5,4,7,4,4,5.2,4.0,2.41,6.04,0,0.0
5.11,4,63,0,1,0,1,4,3,1,4,3,3,2.6,3.0,0.69,3.11,0,0.0
5.0,2,66,0,1,0,1,2,2,1,3,3,3,1.8,3.0,0.69,4.0,0,0.0
6.01,1,60,1,2,2,4,5,5,2,3,5,5,3.8,5.0,3.45,5.51,0,0.0
7.85,0,69,0,2,1,7,6,5,5,6,5,8,5.8,6.5,1.72,7.85,1,6.36
7.01,1,73,2,6,5,6,6,7,5,6,4,7,6.0,5.5,8.62,6.51,1,5.2
6.61,0,77,1,4,0,5,5,3,4,3,4,3,4.0,3.5,4.14,6.61,1,3.0
7.76,0,75,1,3,1,7,7,7,5,8,7,4,6.8,5.5,3.79,7.76,1,8.05
6.82,1,81,0,5,1,7,6,4,4,8,6,6,5.8,6.0,3.79,6.32,1,5.17
6.69,2,73,2,0,2,5,5,6,4,3,4,5,4.6,4.5,3.45,5.69,0,0.0
6.17,2,75,1,2,1,5,6,4,5,6,6,5,5.2,5.5,3.1,5.17,1,4.18
6.67,2,73,3,2,0,5,6,6,6,4,8,6,5.4,7.0,5.52,5.67,1,10.54
7.65,0,74,1,6,4,6,4,7,4,6,8,7,5.4,7.5,6.9,7.65,1,5.41
6.87,1,77,2,2,2,3,5,3,5,5,2,4,4.2,3.0,4.83,6.37,0,0.0
7.32,1,85,0,1,1,7,7,6,2,7,6,3,5.8,4.5,1.03,6.82,1,4.69
7.55,0,83,0,6,1,5,4,4,5,5,5,5,4.6,5.0,4.48,7.55,1,3.64
8.15,0,77,2,4,4,6,5,6,4,7,3,5,5.6,4.0,6.9,8.15,1,6.29
7.03,1,71,1,4,1,4,5,4,5,6,3,6,4.8,4.5,4.48,6.53,1,3.46
6.29,0,56,0,0,1,1,4,5,4,4,5,4,3.6,4.5,0.34,6.29,0,0.0
7.15,0,82,1,1,2,5,5,4,4,6,6,4,4.8,5.0,2.76,7.15,1,3.82
7.65,0,77,2,6,2,7,9,7,5,8,6,9,7.2,7.5,7.59,7.65,1,8.25
7.06,1,68,1,1,0,3,7,3,3,3,4,5,3.8,4.5,2.07,6.56,0,0.0
7.85,0,73,2,4,2,8,4,8,5,4,7,6,5.8,6.5,6.21,7.85,1,8.1
5.99,2,73,0,1,2,4,5,7,5,7,3,5,5.6,4.0,1.38,4.99,0,0.0
8.47,0,91,2,5,4,5,5,6,6,6,5,8,5.6,6.5,7.59,8.47,1,8.06
6.79,1,82,0,1,0,6,5,4,1,3,4,5,3.8,4.5,0.69,6.29,1,3.0
6.81,0,68,0,0,3,5,4,4,4,4,3,9,4.2,6.0,1.03,6.81,1,3.0
8.16,0,77,2,2,2,8,7,8,7,6,5,5,7.2,5.0,4.83,8.16,1,6.43
6.36,1,72,0,0,2,6,6,4,3,4,7,3,4.6,5.0,0.69,5.86,1,3.35
6.82,0,86,0,0,2,3,3,6,2,5,4,3,3.8,3.5,0.69,6.82,0,0.0
6.3,2,74,0,0,0,3,2,3,1,4,5,5,2.6,5.0,0.0,5.3,1,3.0
7.51,0,81,1,1,0,7,4,8,4,6,7,7,5.8,7.0,2.07,7.51,1,5.6
6.41,1,84,0,2,1,7,6,2,3,5,5,4,4.6,4.5,1.72,5.91,1,3.23
7.01,0,75,1,2,1,6,8,6,3,6,4,7,5.8,5.5,3.1,7.01,1,7.45
6.22,0,88,1,4,1,4,5,5,4,4,5,6,4.4,5.5,4.48,6.22,0,0.0
6.67,2,77,1,2,1,8,5,6,5,7,3,6,6.2,4.5,3.1,5.67,0,0.0
5.36,0,65,0,0,0,1,3,2,2,1,3,4,1.8,3.5,0.0,5.36,0,0.0
5.82,2,74,1,0,0,5,8,4,4,4,5,5,5.0,5.0,1.38,4.82,0,0.0
6.26,0,90,1,2,0,4,5,5,2,5,6,4,4.2,5.0,2.76,6.26,1,3.22
6.57,2,73,0,1,2,4,3,5,1,4,5,4,3.4,4.5,1.38,5.57,0,0.0
7.21,0,83,1,2,1,3,7,7,2,4,4,6,4.6,5.0,3.1,7.21,1,3.93
6.12,1,70,1,0,0,4,4,1,5,4,4,7,3.6,5.5,1.38,5.62,0,0.0
6.85,0,72,2,4,4,4,5,7,4,6,5,4,5.2,4.5,6.9,6.85,1,5.17
7.61,0,83,1,1,0,5,2,8,4,5,6,5,4.8,5.5,2.07,7.61,1,4.93
8.15,1,75,1,2,3,6,6,3,4,6,6,6,5.0,6.0,3.79,7.65,1,5.8
6.94,1,86,0,2,1,5,3,4,4,3,5,7,3.8,6.0,1.72,6.44,1,3.0
7.93,0,85,2,4,2,5,8,8,3,7,7,7,6.2,7.0,6.21,7.93,1,8.49
7.39,0,76,1,5,1,7,6,8,7,7,6,5,7.0,5.5,5.17,7.39,1,7.67
7.93,0,82,1,0,2,7,8,8,4,5,4,5,6.4,4.5,2.07,7.93,1,7.08
7.03,0,71,1,1,1,6,5,5,1,4,3,7,4.2,5.0,2.41,7.03,1,3.59
7.22,0,79,0,1,0,3,5,2,6,5,6,5,4.2,5.5,0.69,7.22,1,3.0
8.09,0,95,1,6,3,7,8,9,6,8,4,6,7.6,5.0,6.55,8.09,1,10.33
6.72,0,73,0,0,2,4,5,5,3,3,4,7,4.0,5.5,0.69,6.72,0,0.0
6.53,1,78,1,5,2,5,4,6,1,3,4,5,3.8,4.5,5.52,6.03,0,0.0
6.46,0,76,0,0,1,6,3,2,3,5,3,3,3.8,3.0,0.34,6.46,1,3.0
6.38,1,76,0,2,1,1,5,2,3,3,2,3,2.8,2.5,1.72,5.88,0,0.0
5.64,1,72,0,3,1,2,1,3,2,4,3,2,2.4,2.5,2.41,5.14,0,0.0
5.61,1,67,1,3,4,4,6,5,4,3,2,4,4.4,3.0,4.83,5.11,1,3.0
8.12,0,86,0,1,1,6,7,8,6,7,7,6,6.8,6.5,1.03,8.12,1,6.66
8.54,0,79,1,3,2,7,6,5,5,4,6,7,5.4,6.5,4.14,8.54,1,6.46
8.0,0,80,1,2,2,7,8,7,3,8,6,7,6.6,6.5,3.45,8.0,1,6.89
5.85,1,84,0,1,2,4,4,8,2,2,3,3,4.0,3.0,1.38,5.35,0,0.0
7.16,1,78,1,4,0,4,6,5,6,7,7,6,5.6,6.5,4.14,6.66,1,5.23
7.77,0,78,1,4,2,4,5,7,5,6,6,8,5.4,7.0,4.83,7.77,1,5.15
7.64,0,91,0,0,3,4,6,5,4,6,5,5,5.0,5.0,1.03,7.64,1,3.0
6.07,0,63,1,3,0,4,5,5,2,5,7,6,4.2,6.5,3.45,6.07,0,0.0
7.94,0,96,2,4,3,8,8,6,5,5,7,7,6.4,7.0,6.55,7.94,1,11.41
6.98,1,68,0,5,2,4,7,4,5,6,5,6,5.2,5.5,4.14,6.48,1,5.08
6.68,0,82,0,2,3,3,4,4,5,5,4,5,4.2,4.5,2.41,6.68,1,3.0
6.84,0,74,1,1,2,4,5,4,5,6,3,6,4.8,4.5,2.76,6.84,0,0.0
5.93,2,64,0,1,1,3,3,4,3,3,2,3,3.2,2.5,1.03,4.93,0,0.0
6.91,1,91,0,1,1,4,6,5,4,5,8,7,4.8,7.5,1.03,6.41,1,4.1
8.08,0,99,0,5,2,5,7,8,5,5,5,4,6.0,4.5,4.14,8.08,1,6.82
5.68,2,71,0,0,0,4,3,2,1,3,4,5,2.6,4.5,0.0,4.68,0,0.0
8.14,0,83,2,5,1,8,7,5,3,5,7,7,5.6,7.0,6.55,8.14,1,9.27
7.12,1,74,0,6,0,3,5,5,5,10,5,5,5.6,5.0,4.14,6.62,1,4.37
6.02,0,86,0,2,1,5,7,3,3,4,4,4,4.4,4.0,1.72,6.02,1,3.0
8.08,0,66,2,5,2,7,7,4,6,8,6,7,6.4,6.5,6.9,8.08,1,9.28
5.37,4,76,0,0,0,2,3,3,1,2,4,5,2.2,4.5,0.0,3.37,0,0.0
6.1,3,78,0,1,0,5,2,3,2,3,3,4,3.0,3.5,0.69,4.6,0,0.0
7.61,0,61,1,6,1,5,6,5,4,6,5,5,5.2,5.0,5.86,7.61,1,5.47
5.57,1,71,0,2,0,4,4,1,3,2,1,6,2.8,3.5,1.38,5.07,0,0.0
7.08,0,92,1,3,2,5,6,5,3,5,3,5,4.8,4.0,4.14,7.08,0,0.0
8.7,0,78,2,6,0,8,9,6,8,9,5,7,8.0,6.0,6.9,8.7,1,8.69
5.55,1,78,0,1,0,3,3,3,1,3,5,4,2.6,4.5,0.69,5.05,0,0.0
6.53,0,84,0,0,2,3,3,4,3,3,4,8,3.2,6.0,0.69,6.53,1,3.0
7.12,0,79,2,3,1,6,3,6,3,5,6,5,4.6,5.5,5.17,7.12,1,6.49
7.92,1,84,1,1,1,7,7,7,6,6,7,8,6.6,7.5,2.41,7.42,1,7.68
6.55,0,67,0,3,2,4,4,4,3,2,6,3,3.4,4.5,2.76,6.55,0,0.0
7.06,0,70,0,3,2,4,4,4,4,3,4,4,3.8,4.0,2.76,7.06,0,0.0
9.02,0,92,1,2,1,7,10,8,7,8,7,7,8.0,7.0,3.1,9.02,1,11.04
5.81,0,74,0,0,0,4,4,2,2,4,4,4,3.2,4.0,0.0,5.81,0,0.0
6.88,0,86,0,2,4,5,3,4,6,8,9,4,5.2,6.5,2.76,6.88,1,3.0
6.52,1,75,0,0,1,4,4,3,3,4,4,5,3.6,4.5,0.34,6.02,0,0.0
6.94,0,99,2,2,1,6,5,5,4,4,7,4,4.8,5.5,4.48,6.94,1,5.6
7.01,0,73,3,1,1,5,6,5,4,5,5,8,5.0,6.5,5.17,7.01,1,6.27
7.92,0,99,0,3,1,8,6,6,6,8,6,5,6.8,5.5,2.41,7.92,1,6.73
5.77,0,78,0,1,1,5,4,3,3,5,6,5,4.0,5.5,1.03,5.77,0,0.0
7.9,0,90,0,3,3,5,6,6,2,6,8,7,5.0,7.5,3.1,7.9,1,6.49
7.11,0,67,1,2,1,4,5,4,4,5,5,4,4.4,4.5,3.1,7.11,1,4.26
8.44,0,85,3,5,2,7,9,5,4,7,5,6,6.4,5.5,8.28,8.44,1,8.97
7.07,1,78,3,4,1,3,5,3,5,6,6,5,4.4,5.5,7.24,6.57,0,0.0
6.49,2,78,0,1,1,3,3,7,4,3,5,7,4.0,6.0,1.03,5.49,0,0.0
6.76,0,87,1,2,4,6,7,7,5,3,9,5,5.6,7.0,4.14,6.76,1,7.44
7.65,0,85,2,4,2,4,8,7,2,9,7,10,6.0,8.5,6.21,7.65,1,6.75
7.4,0,89,0,3,0,5,7,7,2,5,4,7,5.2,5.5,2.07,7.4,0,0.0
5.55,1,66,0,0,0,2,2,3,2,3,5,4,2.4,4.5,0.0,5.05,0,0.0
7.37,1,70,0,2,0,8,4,5,1,2,6,7,4.0,6.5,1.38,6.87,1,4.11
6.81,2,78,1,1,1,5,5,3,4,6,6,2,4.6,4.0,2.41,5.81,0,0.0
7.18,2,78,1,5,2,8,6,8,6,8,7,7,7.2,7.0,5.52,6.18,1,11.1
6.15,0,80,0,2,2,4,5,4,5,3,7,3,4.2,5.0,2.07,6.15,1,3.67
8.27,0,75,1,4,3,7,10,6,5,6,7,7,6.8,7.0,5.17,8.27,1,7.71
6.91,0,88,0,1,2,2,7,4,4,5,5,4,4.4,4.5,1.38,6.91,0,0.0
6.13,1,76,1,1,0,4,6,4,3,3,5,4,4.0,4.5,2.07,5.63,1,3.37
7.25,0,88,0,6,0,6,5,6,2,6,5,8,5.0,6.5,4.14,7.25,1,5.59
7.07,1,78,1,0,4,3,5,6,5,6,6,6,5.0,6.0,2.76,6.57,0,0.0
6.34,1,79,0,1,1,4,5,3,4,4,5,3,4.0,4.0,1.03,5.84,1,3.0
7.88,1,80,1,0,1,6,8,5,5,4,5,8,5.6,6.5,1.72,7.38,1,4.99
8.06,0,75,3,3,1,4,5,5,3,4,5,4,4.2,4.5,6.55,8.06,1,5.46
7.17,1,82,1,1,2,4,5,4,5,5,5,7,4.6,6.0,2.76,6.67,1,3.97
7.73,1,97,2,3,2,5,6,8,6,6,3,6,6.2,4.5,5.52,7.23,1,7.77
5.89,1,79,2,1,3,4,4,5,5,5,7,3,4.6,5.0,4.48,5.39,1,4.01
7.16,2,86,2,1,1,5,5,8,6,5,6,7,5.8,6.5,3.79,6.16,1,6.1
7.41,1,86,0,1,1,6,4,3,2,3,5,6,3.6,5.5,1.03,6.91,0,0.0
6.9,2,80,1,2,2,4,6,5,4,6,6,2,5.0,4.0,3.45,5.9,0,0.0
5.88,0,78,2,3,2,9,8,6,6,7,6,7,7.2,6.5,5.52,5.88,1,6.0
6.39,0,79,0,1,0,5,5,3,3,4,4,5,4.0,4.5,0.69,6.39,0,0.0
6.38,0,84,0,1,1,3,1,4,2,3,5,4,2.6,4.5,1.03,6.38,1,3.0
7.33,0,70,3,1,3,7,6,7,8,7,9,7,7.0,8.0,5.86,7.33,1,6.46
9.34,0,83,3,2,3,6,8,10,4,6,7,8,6.8,7.5,6.55,9.34,1,9.93
5.35,1,73,0,1,2,5,4,5,4,3,4,6,4.2,5.0,1.38,4.85,0,0.0
5.93,0,71,0,0,1,3,2,2,2,4,3,4,2.6,3.5,0.34,5.93,0,0.0
6.62,1,86,2,3,2,4,6,5,4,4,6,5,4.6,5.5,5.52,6.12,1,4.98
5.29,3,65,0,3,1,3,4,4,4,2,5,5,3.4,5.0,2.41,3.79,0,0.0
7.47,0,78,0,2,2,6,6,7,4,6,7,5,5.8,6.0,2.07,7.47,1,4.97
7.12,0,88,2,2,1,5,5,4,5,2,6,3,4.2,4.5,4.48,7.12,1,5.61
7.75,1,70,2,2,2,5,6,6,6,6,7,5,5.8,6.0,4.83,7.25,0,0.0
8.25,0,71,2,6,2,7,8,7,6,7,10,6,7.0,8.0,7.59,8.25,1,12.39
5.69,1,82,0,0,0,3,2,3,1,3,3,3,2.4,3.0,0.0,5.19,0,0.0
7.47,0,89,1,3,5,7,8,9,7,7,10,6,7.6,8.0,5.17,7.47,1,7.63
8.71,0,85,0,5,2,7,9,5,6,8,8,9,7.0,8.5,4.14,8.71,1,8.84
8.07,1,77,1,0,2,5,8,5,5,5,9,5,5.6,7.0,2.07,7.57,1,8.3
7.21,1,66,0,1,0,3,3,4,2,2,4,5,2.8,4.5,0.69,6.71,0,0.0
6.02,1,68,0,2,1,6,6,4,5,7,6,5,5.6,5.5,1.72,5.52,1,4.63
6.92,1,78,0,2,2,6,7,5,5,5,6,8,5.6,7.0,2.07,6.42,0,0.0
5.33,2,64,0,0,0,5,4,2,3,2,6,6,3.2,6.0,0.0,4.33,0,0.0
6.85,3,85,2,1,1,7,6,6,7,8,7,5,6.8,6.0,3.79,5.35,1,8.71
6.82,1,75,0,2,2,4,6,5,3,6,6,6,4.8,6.0,2.07,6.32,0,0.0
8.57,0,83,1,5,1,8,8,8,6,7,7,10,7.4,8.5,5.17,8.57,1,8.34
5.89,1,74,1,1,1,3,8,4,4,3,5,4,4.4,4.5,2.41,5.39,0,0.0
8.68,0,86,2,5,4,9,6,9,6,6,6,8,7.2,7.0,7.59,8.68,1,12.24
6.49,1,81,0,1,0,4,2,3,1,3,5,2,2.6,3.5,0.69,5.99,0,0.0
6.95,0,73,0,3,0,6,8,3,5,7,5,6,5.8,5.5,2.07,6.95,0,0.0
6.9,0,77,0,0,1,5,5,4,3,6,5,5,4.6,5.0,0.34,6.9,1,3.24
6.22,0,86,0,2,2,7,6,6,5,6,4,3,6.0,3.5,2.07,6.22,1,4.33
6.88,1,58,1,2,0,5,6,1,3,6,5,7,4.2,6.0,2.76,6.38,0,0.0
7.42,0,80,2,0,1,4,4,6,5,5,4,6,4.8,5.0,3.1,7.42,1,3.51
6.65,5,76,1,0,1,5,5,4,2,3,5,4,3.8,4.5,1.72,4.15,1,3.0
5.99,2,80,0,1,2,4,4,2,3,1,3,5,2.8,4.0,1.38,4.99,0,0.0
7.27,2,70,1,3,0,4,7,4,4,6,6,7,5.0,6.5,3.45,6.27,1,5.91
6.4,1,76,2,3,1,6,6,5,3,6,6,3,5.2,4.5,5.17,5.9,1,6.43
7.11,0,72,0,2,5,6,7,6,4,5,5,1,5.6,3.0,3.1,7.11,1,4.96
7.25,1,83,1,1,1,4,5,4,2,6,4,5,4.2,4.5,2.41,6.75,1,3.36
5.86,4,66,0,2,2,3,6,2,5,3,6,3,3.8,4.5,2.07,3.86,0,0.0
5.77,1,65,0,1,0,5,4,3,2,3,5,6,3.4,5.5,0.69,5.27,0,0.0
7.06,1,81,0,1,0,6,5,5,3,5,6,5,4.8,5.5,0.69,6.56,1,3.15
6.04,1,68,1,2,0,5,3,4,2,5,4,5,3.8,4.5,2.76,5.54,0,0.0
5.11,0,63,0,0,0,1,1,1,1,2,2,3,1.2,2.5,0.0,5.11,0,0.0
7.59,1,90,3,2,3,7,8,6,7,7,6,4,7.0,5.0,6.55,7.09,1,7.54
7.59,0,89,1,0,2,6,5,6,4,6,6,6,5.4,6.0,2.07,7.59,1,6.17
6.81,1,86,0,3,1,5,6,6,3,4,3,3,4.8,3.0,2.41,6.31,1,4.77
5.94,0,83,0,1,2,4,3,5,2,1,3,3,3.0,3.0,1.38,5.94,0,0.0
7.65,0,80,0,1,1,8,5,8,7,6,8,5,6.8,6.5,1.03,7.65,1,11.62
6.46,2,70,1,3,0,6,3,6,4,4,5,4,4.6,4.5,3.45,5.46,1,4.25
8.1,1,78,3,6,2,8,9,10,9,9,9,7,9.0,8.0,8.97,7.6,1,12.69
7.54,2,81,0,4,2,4,7,7,4,5,7,5,5.4,6.0,3.45,6.54,0,0.0
7.58,0,77,0,4,0,8,6,5,6,5,5,6,6.0,5.5,2.76,7.58,1,7.03
7.42,0,77,0,4,0,7,3,7,5,2,5,3,4.8,4.0,2.76,7.42,1,5.17
7.01,1,80,1,2,2,6,9,3,5,6,6,6,5.8,6.0,3.45,6.51,1,6.72
7.94,0,85,0,6,1,7,6,7,4,5,6,5,5.8,5.5,4.48,7.94,1,4.15
7.47,2,80,1,2,0,6,7,5,4,7,7,7,5.8,7.0,2.76,6.47,1,7.39
6.37,0,93,1,5,0,4,7,6,6,5,5,6,5.6,5.5,4.83,6.37,1,5.59
6.41,0,73,0,1,1,4,6,7,4,6,6,5,5.4,5.5,1.03,6.41,1,3.0
5.39,2,56,0,0,0,2,4,4,3,3,5,4,3.2,4.5,0.0,4.39,0,0.0
8.03,0,83,2,3,2,5,7,3,5,5,5,6,5.0,5.5,5.52,8.03,1,6.87
8.52,0,73,2,0,0,5,8,5,3,6,5,6,5.4,5.5,2.76,8.52,1,5.18
6.87,0,74,1,2,1,4,5,5,3,5,5,7,4.4,6.0,3.1,6.87,1,3.33
5.85,1,57,1,0,0,3,5,4,3,4,4,5,3.8,4.5,1.38,5.35,0,0.0
7.7,0,68,0,0,1,5,3,4,3,5,4,6,4.0,5.0,0.34,7.7,1,3.0
6.41,2,62,1,5,1,3,4,4,3,4,6,3,3.6,4.5,5.17,5.41,0,0.0
7.56,1,76,2,4,1,5,9,4,7,6,4,6,6.2,5.0,5.86,7.06,1,6.98
5.79,0,69,0,0,0,1,3,4,1,3,4,4,2.4,4.0,0.0,5.79,0,0.0
6.72,2,78,0,0,1,5,3,4,1,2,4,5,3.0,4.5,0.34,5.72,0,0.0
7.87,0,93,3,3,0,5,5,6,3,4,4,5,4.6,4.5,6.21,7.87,1,6.09
5.11,3,76,0,0,0,2,4,3,1,4,2,1,2.8,1.5,0.0,3.61,0,0.0
6.07,1,63,0,3,1,6,5,2,4,3,5,4,4.0,4.5,2.41,5.57,0,0.0
6.36,0,85,0,1,1,8,6,5,4,5,2,5,5.6,3.5,1.03,6.36,1,4.83
5.81,2,75,1,2,0,5,5,5,4,6,5,7,5.0,6.0,2.76,4.81,0,0.0
7.47,1,76,0,2,2,6,6,5,5,6,6,4,5.6,5.0,2.07,6.97,1,5.69
7.75,1,83,0,2,1,4,6,7,4,5,5,4,5.2,4.5,1.72,7.25,1,4.46
6.49,0,78,2,1,0,4,3,3,1,5,5,2,3.2,3.5,3.45,6.49,0,0.0
7.3,0,76,0,1,2,6,8,6,3,5,4,6,5.6,5.0,1.38,7.3,1,4.08
7.37,0,79,3,2,2,7,7,6,5,6,6,8,6.2,7.0,6.21,7.37,1,8.2
6.33,0,85,0,2,1,3,5,7,3,1,3,5,3.8,4.0,1.72,6.33,1,3.0
7.01,0,74,2,0,0,5,6,4,4,4,8,6,4.6,7.0,2.76,7.01,1,5.06
7.7,0,72,3,0,1,7,8,7,5,7,7,5,6.8,6.0,4.48,7.7,1,12.68
7.23,0,81,0,5,0,8,7,8,3,5,6,6,6.2,6.0,3.45,7.23,1,6.71
6.89,2,67,1,6,3,7,7,4,7,4,4,5,5.8,4.5,6.55,5.89,1,5.33
7.44,1,65,0,4,1,7,6,5,3,4,5,6,5.0,5.5,3.1,6.94,1,5.36
5.91,2,73,1,2,1,7,5,4,5,5,5,7,5.2,6.0,3.1,4.91,1,5.2
6.68,0,91,1,2,3,4,5,2,5,4,6,4,4.0,5.0,3.79,6.68,1,3.01
7.97,0,77,2,2,1,5,5,3,3,4,5,6,4.0,5.5,4.48,7.97,1,5.15
6.4,1,81,3,3,1,5,7,5,3,8,6,5,5.6,5.5,6.55,5.9,1,6.74
6.17,1,61,0,0,0,4,6,4,4,5,5,5,4.6,5.0,0.0,5.67,0,0.0
5.51,0,75,0,0,0,5,2,2,1,1,3,6,2.2,4.5,0.0,5.51,0,0.0
7.61,0,84,3,1,1,7,7,7,8,7,5,7,7.2,6.0,5.17,7.61,1,10.62
7.94,0,81,1,1,3,7,7,5,6,6,6,5,6.2,5.5,3.1,7.94,1,9.39
6.82,2,82,0,3,1,5,7,5,3,6,4,4,5.2,4.0,2.41,5.82,1,3.72
7.44,1,85,1,3,1,6,7,8,3,6,9,7,6.0,8.0,3.79,6.94,1,5.67
8.21,0,72,3,2,1,4,7,8,4,6,6,8,5.8,7.0,5.86,8.21,1,7.11
5.0,1,72,0,1,0,1,2,1,1,4,6,3,1.8,4.5,0.69,4.5,0,0.0
6.99,2,82,0,0,0,3,2,3,3,1,3,2,2.4,2.5,0.0,5.99,0,0.0
6.51,0,76,0,2,0,3,3,3,3,5,8,4,3.4,6.0,1.38,6.51,1,3.0
7.94,0,71,0,2,2,6,5,6,5,6,6,7,5.6,6.5,2.07,7.94,1,4.43
6.07,0,72,0,1,0,3,5,5,4,4,6,6,4.2,6.0,0.69,6.07,1,3.0
7.25,0,85,3,4,0,5,6,5,7,5,6,7,5.6,6.5,6.9,7.25,1,7.19
6.96,3,70,0,3,1,4,5,3,3,6,5,2,4.2,3.5,2.41,5.46,1,3.09
5.11,0,74,0,1,0,4,4,4,3,3,4,5,3.6,4.5,0.69,5.11,0,0.0
6.1,2,69,0,1,3,6,6,4,3,6,5,8,5.0,6.5,1.72,5.1,0,0.0
7.51,0,85,2,3,1,5,6,6,4,7,8,3,5.6,5.5,5.17,7.51,1,6.76
7.75,0,72,0,1,1,5,5,6,3,5,5,6,4.8,5.5,1.03,7.75,1,3.81
7.15,2,76,2,4,2,4,6,6,4,4,7,7,4.8,7.0,6.21,6.15,1,6.75
6.88,0,88,1,2,0,5,5,5,4,3,6,4,4.4,5.0,2.76,6.88,0,0.0
6.35,1,67,0,3,0,7,7,4,2,7,8,5,5.4,6.5,2.07,5.85,1,4.44
8.1,0,87,1,4,1,7,7,5,6,7,7,7,6.4,7.0,4.48,8.1,1,7.08
8.12,0,96,1,4,1,8,7,7,4,6,4,6,6.4,5.0,4.48,8.12,1,7.99
5.25,1,83,0,2,1,5,4,5,2,6,5,4,4.4,4.5,1.72,4.75,1,3.0
5.65,2,61,0,0,0,2,4,2,1,1,3,4,2.0,3.5,0.0,4.65,0,0.0
8.42,0,74,3,6,1,7,9,6,5,4,6,5,6.2,5.5,8.62,8.42,1,9.46
8.14,0,72,0,6,0,5,4,5,4,3,7,5,4.2,6.0,4.14,8.14,1,4.82
6.66,0,79,1,3,0,2,5,4,2,4,7,5,3.4,6.0,3.45,6.66,1,3.0
6.1,1,79,0,2,1,2,4,2,1,3,4,5,2.4,4.5,1.72,5.6,0,0.0
7.48,0,70,1,3,1,7,6,6,4,7,9,6,6.0,7.5,3.79,7.48,1,7.27
8.19,0,74,0,2,3,8,7,5,4,7,5,8,6.2,6.5,2.41,8.19,1,7.7
7.1,1,69,3,0,5,5,4,5,3,3,5,7,4.0,6.0,5.86,6.6,1,5.43
6.21,0,71,0,2,0,5,6,5,3,8,3,8,5.4,5.5,1.38,6.21,1,3.94
6.63,1,96,1,0,2,3,7,6,3,5,3,5,4.8,4.0,2.07,6.13,1,3.83
6.37,3,70,1,1,0,3,6,5,3,6,3,5,4.6,4.0,2.07,4.87,0,0.0
7.55,1,75,0,4,3,6,5,5,4,7,7,6,5.4,6.5,3.79,7.05,1,6.98
6.94,0,69,0,2,0,4,5,2,2,5,6,4,3.6,5.0,1.38,6.94,1,3.0
6.43,0,78,0,0,2,1,3,3,1,3,3,3,2.2,3.0,0.69,6.43,0,0.0
9.3,0,78,2,2,0,10,6,6,5,6,7,6,6.6,6.5,4.14,9.3,1,8.84
7.7,2,71,0,4,1,6,6,8,7,5,7,6,6.4,6.5,3.1,6.7,0,0.0
8.02,0,78,1,5,4,5,6,5,7,6,3,9,5.8,6.0,6.21,8.02,1,7.27
5.74,3,67,0,2,0,4,4,6,4,2,7,7,4.0,7.0,1.38,4.24,0,0.0
8.0,1,87,3,4,1,7,6,6,5,9,8,6,6.6,7.0,7.24,7.5,1,8.09
7.35,1,98,0,2,2,5,4,5,5,5,6,5,4.8,5.5,2.07,6.85,1,4.14
5.5,2,78,2,4,1,5,5,4,4,8,7,3,5.2,5.0,5.86,4.5,1,4.35
9.11,0,82,3,2,2,7,8,6,4,6,3,5,6.2,4.0,6.21,9.11,1,9.6
7.4,0,70,0,3,1,6,9,5,3,4,5,5,5.4,5.0,2.41,7.4,1,5.68
7.32,0,69,0,0,4,4,7,7,5,7,8,6,6.0,7.0,1.38,7.32,1,3.68
8.89,0,92,1,4,0,6,6,8,6,7,7,6,6.6,6.5,4.14,8.89,1,10.41
6.92,1,82,2,3,0,6,5,6,4,6,6,6,5.4,6.0,4.83,6.42,1,6.19
5.94,3,73,0,1,1,3,5,5,2,5,7,5,4.0,6.0,1.03,4.44,0,0.0
5.99,1,77,0,1,1,3,2,2,1,4,5,4,2.4,4.5,1.03,5.49,0,0.0
7.42,0,79,0,3,0,4,6,5,5,6,5,7,5.2,6.0,2.07,7.42,1,3.24
5.96,1,81,1,0,1,3,4,3,2,4,5,5,3.2,5.0,1.72,5.46,1,3.0
8.01,0,80,1,2,3,5,6,7,5,5,3,8,5.6,5.5,3.79,8.01,1,6.28
9.14,0,84,1,2,3,6,6,8,6,9,7,7,7.0,7.0,3.79,9.14,1,11.73
8.15,0,72,0,4,2,7,8,7,5,7,7,7,6.8,7.0,3.45,8.15,1,7.69
7.1,0,77,0,0,1,6,5,5,2,4,6,6,4.4,6.0,0.34,7.1,1,3.0
8.39,0,86,0,6,2,6,7,7,4,5,7,8,5.8,7.5,4.83,8.39,1,7.3
7.7,1,70,0,0,0,5,4,3,5,3,5,6,4.0,5.5,0.0,7.2,1,3.44
6.96,3,78,0,0,1,4,3,2,1,6,5,7,3.2,6.0,0.34,5.46,0,0.0
6.58,2,71,0,2,1,4,5,6,4,5,8,4,4.8,6.0,1.72,5.58,1,3.8
6.73,2,77,0,0,0,4,3,5,3,4,3,7,3.8,5.0,0.0,5.73,0,0.0
7.47,1,79,0,0,2,5,4,4,4,4,7,4,4.2,5.5,0.69,6.97,1,3.21
5.67,2,65,1,3,1,3,4,4,3,3,6,4,3.4,5.0,3.79,4.67,0,0.0
7.35,0,82,2,3,2,7,8,4,7,5,8,6,6.2,7.0,5.52,7.35,1,6.61
6.41,0,87,1,2,1,4,6,5,5,6,5,4,5.2,4.5,3.1,6.41,1,3.27
7.5,1,67,2,4,0,6,6,6,7,5,6,6,6.0,6.0,5.52,7.0,1,13.24
7.76,1,75,1,3,0,8,7,5,7,7,5,5,6.8,5.0,3.45,7.26,1,6.59
6.76,0,75,0,3,0,6,4,3,5,4,4,6,4.4,5.0,2.07,6.76,1,4.48
8.36,1,100,0,4,1,7,4,6,5,7,6,6,5.8,6.0,3.1,7.86,1,5.43
6.89,0,68,2,2,0,5,5,3,3,4,3,7,4.0,5.0,4.14,6.89,1,4.36
6.72,0,85,2,3,0,5,4,5,4,4,6,8,4.4,7.0,4.83,6.72,1,4.73
5.76,0,76,0,0,0,2,4,3,3,5,3,5,3.4,4.0,0.0,5.76,0,0.0
7.27,0,71,1,3,0,4,3,2,3,3,6,5,3.0,5.5,3.45,7.27,1,3.0
6.98,0,79,0,0,2,5,3,4,1,4,7,5,3.4,6.0,0.69,6.98,0,0.0
6.22,1,78,0,1,1,5,5,4,3,6,8,3,4.6,5.5,1.03,5.72,0,0.0
6.99,0,74,0,3,0,4,6,4,5,4,4,6,4.6,5.0,2.07,6.99,1,3.14
8.0,0,68,3,5,1,5,4,5,3,6,5,9,4.6,7.0,7.93,8.0,1,6.2
5.08,2,72,0,0,0,2,3,3,1,2,4,4,2.2,4.0,0.0,4.08,0,0.0
7.3,0,88,3,4,2,5,6,6,6,6,7,6,5.8,6.5,7.59,7.3,1,8.77
8.97,0,84,3,3,0,4,6,6,7,6,6,6,5.8,6.0,6.21,8.97,1,7.38
7.83,2,88,1,3,4,5,6,4,4,7,7,6,5.2,6.5,4.83,6.83,1,5.82
7.2,3,82,1,3,0,6,6,4,5,5,6,7,5.2,6.5,3.45,5.7,1,5.99
7.28,3,79,0,5,1,5,6,6,4,7,3,4,5.6,3.5,3.79,5.78,1,5.12
6.34,1,73,0,1,1,4,4,4,5,7,5,5,4.8,5.0,1.03,5.84,1,3.0
6.16,1,79,0,3,0,5,6,5,4,6,4,3,5.2,3.5,2.07,5.66,0,0.0
7.87,0,71,2,3,0,5,6,8,4,5,5,8,5.6,6.5,4.83,7.87,1,6.85
8.12,0,81,0,0,2,5,9,7,7,6,6,7,6.8,6.5,0.69,8.12,1,5.31
8.67,0,92,3,6,1,10,9,6,6,9,9,6,8.0,7.5,8.62,8.67,1,9.93
7.74,0,95,3,2,4,7,7,8,5,9,6,4,7.2,5.0,6.9,7.74,1,8.5
6.57,0,83,2,1,0,9,6,5,4,5,5,6,5.8,5.5,3.45,6.57,1,6.28
6.27,2,72,3,3,0,4,4,5,5,6,8,5,4.8,6.5,6.21,5.27,1,8.69
6.19,0,62,0,3,0,4,4,4,1,4,3,8,3.4,5.5,2.07,6.19,1,3.0
6.51,2,74,1,5,2,4,6,6,3,5,6,7,4.8,6.5,5.52,5.51,1,5.43
7.65,0,84,1,0,1,4,5,4,4,4,6,6,4.2,6.0,1.72,7.65,1,3.44
7.02,0,78,0,5,2,7,8,3,5,5,6,4,5.6,5.0,4.14,7.02,1,6.06
7.41,0,83,1,2,2,6,7,6,4,6,4,5,5.8,4.5,3.45,7.41,1,8.64
7.13,0,77,1,0,2,3,6,3,3,4,4,6,3.8,5.0,2.07,7.13,1,3.0
7.27,0,88,0,3,3,4,7,7,4,6,7,6,5.6,6.5,3.1,7.27,1,5.04
7.27,0,68,0,5,2,6,6,6,3,8,5,5,5.8,5.0,4.14,7.27,1,7.81
6.81,0,90,0,1,0,4,3,4,3,4,5,3,3.6,4.0,0.69,6.81,0,0.0
6.84,0,67,0,0,0,3,4,4,5,6,3,8,4.4,5.5,0.0,6.84,1,3.0
7.75,1,78,1,4,1,6,8,7,3,7,6,6,6.2,6.0,4.48,7.25,1,7.25
6.61,0,78,0,4,2,2,7,5,2,6,7,5,4.4,6.0,3.45,6.61,1,3.0
5.99,2,70,0,3,1,3,5,2,2,2,3,4,2.8,3.5,2.41,4.99,0,0.0
7.25,0,76,1,4,1,7,6,7,5,6,6,8,6.2,7.0,4.48,7.25,1,5.85
6.31,0,79,0,2,0,5,6,4,5,4,5,6,4.8,5.5,1.38,6.31,1,3.8
5.65,1,81,0,0,2,3,3,3,1,6,6,4,3.2,5.0,0.69,5.15,0,0.0
5.02,1,85,0,3,1,6,3,3,1,4,4,4,3.4,4.0,2.41,4.52,0,0.0
7.36,1,91,3,2,0,6,6,8,5,5,6,6,6.0,6.0,5.52,6.86,1,7.47
7.68,0,84,0,3,1,7,8,7,4,4,8,6,6.0,7.0,2.41,7.68,1,7.12
8.2,0,94,0,0,4,4,4,6,5,4,3,6,4.6,4.5,1.38,8.2,1,3.42
7.45,1,78,1,4,1,8,4,7,4,5,4,7,5.6,5.5,4.48,6.95,1,5.1
5.0,1,82,0,0,4,2,3,2,1,3,4,3,2.2,3.5,1.38,4.5,0,0.0
6.73,1,81,1,2,2,7,7,5,2,4,7,4,5.0,5.5,3.45,6.23,1,6.14
8.19,0,76,0,3,3,8,3,3,6,6,7,7,5.2,7.0,3.1,8.19,1,6.23
5.75,2,71,0,0,0,3,4,1,1,1,5,5,2.0,5.0,0.0,4.75,0,0.0
6.21,1,79,0,0,1,5,3,7,3,6,3,6,4.8,4.5,0.34,5.71,1,3.0
6.4,1,77,0,0,0,4,6,6,2,4,6,7,4.4,6.5,0.0,5.9,1,3.0
5.3,3,77,0,2,2,3,2,4,3,4,1,7,3.2,4.0,2.07,3.8,0,0.0
7.16,2,85,0,3,1,5,3,3,4,3,7,6,3.6,6.5,2.41,6.16,1,3.0
7.76,2,81,3,6,2,7,8,8,5,8,8,7,7.2,7.5,8.97,6.76,1,9.45
7.95,0,53,1,1,1,4,8,6,4,8,5,7,6.0,6.0,2.41,7.95,1,7.08
5.56,1,84,0,0,0,3,4,4,3,3,1,4,3.4,2.5,0.0,5.06,0,0.0
7.94,0,76,0,4,2,8,10,5,7,6,6,8,7.2,7.0,3.45,7.94,1,7.84
7.11,1,74,3,4,3,7,5,5,6,6,7,7,5.8,7.0,7.93,6.61,1,7.55
8.73,0,78,2,6,1,9,7,9,7,9,8,9,8.2,8.5,7.24,8.73,1,12.58
7.41,0,78,1,3,3,4,6,8,4,7,8,6,5.8,7.0,4.48,7.41,1,4.95
7.37,1,70,3,3,0,3,4,3,3,5,4,5,3.6,4.5,6.21,6.87,1,4.83
7.55,1,73,1,3,3,5,6,4,2,6,8,5,4.6,6.5,4.48,7.05,1,5.16
9.78,0,79,1,6,2,10,8,10,7,8,4,8,8.6,6.0,6.21,9.78,1,12.08
8.37,0,86,2,3,0,5,7,4,6,7,5,5,5.8,5.0,4.83,8.37,1,5.37
6.95,1,96,0,1,4,6,6,3,4,4,4,5,4.6,4.5,2.07,6.45,1,3.1
7.38,1,83,1,2,0,4,8,6,3,2,6,2,4.6,4.0,2.76,6.88,1,5.19
7.27,1,88,1,5,0,5,5,7,3,4,4,5,4.8,4.5,4.83,6.77,1,6.08
7.32,0,77,0,1,1,4,6,4,4,4,7,5,4.4,6.0,1.03,7.32,1,3.32
8.21,0,84,3,4,0,6,8,6,4,7,7,10,6.2,8.5,6.9,8.21,1,10.33
6.05,0,77,0,2,0,3,5,5,2,5,5,5,4.0,5.0,1.38,6.05,0,0.0
6.67,0,71,2,4,1,7,5,4,6,5,5,6,5.4,5.5,5.86,6.67,1,6.08
6.06,1,65,0,0,0,2,1,1,1,5,5,4,2.0,4.5,0.0,5.56,0,0.0
7.44,1,84,2,2,2,3,5,6,3,4,6,8,4.2,7.0,4.83,6.94,1,4.49
7.13,1,85,0,2,3,3,6,5,4,3,5,5,4.2,5.0,2.41,6.63,0,0.0
5.91,0,73,0,2,1,2,3,3,1,3,5,6,2.4,5.5,1.72,5.91,1,3.0
8.17,0,71,0,0,0,5,5,6,5,5,8,5,5.2,6.5,0.0,8.17,1,4.25
6.9,0,75,0,1,1,5,2,6,4,3,4,6,4.0,5.0,1.03,6.9,0,0.0
5.92,1,58,0,0,0,1,3,1,1,1,5,4,1.4,4.5,0.0,5.42,0,0.0
6.51,1,78,0,4,2,7,6,4,5,4,6,5,5.2,5.5,3.45,6.01,1,4.39
7.02,0,77,0,1,1,4,7,6,2,4,6,7,4.6,6.5,1.03,7.02,1,3.68
6.36,1,76,0,0,2,6,3,2,3,7,4,7,4.2,5.5,0.69,5.86,0,0.0
6.37,0,75,0,1,3,4,5,5,6,5,4,6,5.0,5.0,1.72,6.37,0,0.0
5.93,0,79,1,2,0,2,3,4,1,3,4,4,2.6,4.0,2.76,5.93,0,0.0
7.29,0,80,3,2,0,3,6,4,4,6,7,5,4.6,6.0,5.52,7.29,1,5.51
6.91,0,69,0,4,1,3,7,3,5,4,5,5,4.4,5.0,3.1,6.91,1,4.53
8.01,0,78,1,1,0,4,8,4,3,4,6,4,4.6,5.0,2.07,8.01,1,6.76
7.21,0,81,0,2,1,6,6,6,3,3,5,2,4.8,3.5,1.72,7.21,1,4.22
7.06,0,86,0,1,1,2,4,4,1,3,4,2,2.8,3.0,1.03,7.06,0,0.0
7.15,2,72,1,1,1,5,6,4,3,3,3,5,4.2,4.0,2.41,6.15,1,4.27
6.88,1,80,0,3,2,5,6,3,3,3,2,4,4.0,3.0,2.76,6.38,1,3.0
5.03,0,81,0,0,0,1,4,1,3,3,4,4,2.4,4.0,0.0,5.03,0,0.0
6.0,1,73,0,0,0,3,4,4,1,4,4,3,3.2,3.5,0.0,5.5,0,0.0
6.93,0,89,0,2,2,4,9,7,5,7,5,5,6.4,5.0,2.07,6.93,1,4.04
6.44,4,86,0,1,1,4,5,1,5,5,5,4,4.0,4.5,1.03,4.44,0,0.0
7.28,1,87,0,1,3,2,5,1,3,4,8,6,3.0,7.0,1.72,6.78,1,3.0
7.48,0,82,2,1,2,6,5,5,4,4,7,6,4.8,6.5,4.14,7.48,1,4.84
7.79,0,99,1,3,2,3,6,6,3,6,6,8,4.8,7.0,4.14,7.79,1,4.64
7.58,0,75,3,0,1,5,7,6,2,8,6,6,5.6,6.0,4.48,7.58,1,5.66
6.76,0,100,0,2,3,4,6,5,5,6,7,3,5.2,5.0,2.41,6.76,1,3.54
5.95,1,80,0,2,1,3,5,3,3,3,5,3,3.4,4.0,1.72,5.45,1,3.0
6.6,1,88,0,0,1,4,6,4,3,4,6,5,4.2,5.5,0.34,6.1,1,3.0
8.11,0,79,2,0,1,7,9,5,6,5,6,6,6.4,6.0,3.1,8.11,1,7.46
8.05,0,78,1,2,2,6,7,6,4,7,6,6,6.0,6.0,3.45,8.05,1,5.46
7.54,0,89,2,0,2,5,5,3,4,3,4,4,4.0,4.0,3.45,7.54,1,5.63
5.23,2,61,0,0,0,2,2,1,2,2,4,2,1.8,3.0,0.0,4.23,0,0.0
5.54,0,72,0,1,0,2,4,1,2,4,1,4,2.6,2.5,0.69,5.54,0,0.0
6.51,2,57,0,2,1,3,5,3,4,4,5,5,3.8,5.0,1.72,5.51,0,0.0
6.94,0,71,0,1,0,5,2,4,3,2,1,3,3.2,2.0,0.69,6.94,0,0.0
7.47,2,70,0,1,0,5,5,4,1,4,5,5,3.8,5.0,0.69,6.47,0,0.0
7.31,0,74,0,1,0,5,7,4,4,4,3,6,4.8,4.5,0.69,7.31,0,0.0
6.97,0,100,1,0,3,6,7,7,3,5,7,5,5.6,6.0,2.41,6.97,1,5.48
7.81,0,95,2,6,2,7,9,8,4,6,6,6,6.8,6.0,7.59,7.81,1,8.99
6.54,4,78,1,1,0,4,5,6,2,5,4,6,4.4,5.0,2.07,4.54,0,0.0
7.16,1,82,0,0,3,4,4,7,5,4,5,6,4.8,5.5,1.03,6.66,1,3.0
6.99,0,79,0,1,2,6,4,4,2,2,3,5,3.6,4.0,1.38,6.99,0,0.0
6.0,1,72,0,0,0,3,3,2,1,1,6,3,2.0,4.5,0.0,5.5,0,0.0
7.42,3,81,1,2,0,6,5,5,3,7,7,6,5.2,6.5,2.76,5.92,1,5.72
7.16,0,83,0,0,2,4,7,6,5,6,5,4,5.6,4.5,0.69,7.16,1,3.26
6.6,0,64,1,3,2,3,7,6,2,4,3,4,4.4,3.5,4.14,6.6,1,3.78
8.5,0,76,3,5,1,10,8,6,4,9,6,6,7.4,6.0,7.93,8.5,1,9.93
6.97,2,75,0,2,1,4,5,3,1,3,4,5,3.2,4.5,1.72,5.97,0,0.0
7.95,0,77,1,5,0,6,7,5,5,5,4,6,5.6,5.0,4.83,7.95,1,7.7
7.08,0,75,1,2,2,5,7,5,5,4,5,5,5.2,5.0,3.45,7.08,1,6.74
6.17,3,75,0,1,0,3,3,5,3,6,5,2,4.0,3.5,0.69,4.67,0,0.0
7.56,0,80,2,2,1,5,6,6,5,8,5,6,6.0,5.5,4.48,7.56,1,7.33
6.92,0,85,1,3,1,2,4,6,4,5,4,7,4.2,5.5,3.79,6.92,0,0.0
6.63,0,70,0,0,0,2,3,3,1,2,4,3,2.2,3.5,0.0,6.63,0,0.0
6.77,0,84,0,1,0,5,5,3,2,4,4,6,3.8,5.0,0.69,6.77,1,3.0
7.71,0,74,2,5,0,6,5,5,4,6,6,6,5.2,6.0,6.21,7.71,1,8.38
6.38,1,77,1,1,0,6,3,4,4,2,5,5,3.8,5.0,2.07,5.88,0,0.0
7.62,0,73,0,4,1,5,5,4,3,5,5,6,4.4,5.5,3.1,7.62,1,3.56
7.99,1,85,3,2,0,3,5,6,4,7,7,6,5.0,6.5,5.52,7.49,1,6.98
8.07,0,74,1,6,5,9,6,4,5,9,2,6,6.6,4.0,7.24,8.07,1,10.53
7.72,1,98,1,4,4,5,6,6,6,8,6,5,6.2,5.5,5.52,7.22,1,7.62
8.22,1,67,2,1,2,7,5,6,6,9,5,8,6.6,6.5,4.14,7.72,1,7.0
5.9,2,93,1,4,2,4,5,3,4,6,5,2,4.4,3.5,4.83,4.9,0,0.0
6.66,0,78,0,2,1,5,4,4,5,6,4,5,4.8,4.5,1.72,6.66,1,3.0
7.21,1,82,0,2,1,4,2,5,3,4,6,5,3.6,5.5,1.72,6.71,1,3.0
8.76,0,78,0,3,1,6,6,7,4,6,7,6,5.8,6.5,2.41,8.76,1,6.22
5.7,1,79,0,0,2,2,3,3,1,2,2,6,2.2,4.0,0.69,5.2,0,0.0
7.1,1,81,0,2,2,10,9,8,4,7,7,5,7.6,6.0,2.07,6.6,1,15.15
7.95,2,86,2,4,1,8,8,5,7,8,5,8,7.2,6.5,5.86,6.95,1,16.36
6.94,0,94,2,2,3,5,4,5,4,5,6,8,4.6,7.0,5.17,6.94,1,6.48
7.9,1,74,1,6,3,8,7,6,3,4,5,6,5.6,5.5,6.55,7.4,1,6.11
7.7,0,100,1,2,2,5,7,8,7,8,5,3,7.0,4.0,3.45,7.7,1,5.91
7.38,1,84,3,4,0,7,6,7,5,6,3,6,6.2,4.5,6.9,6.88,1,8.55
6.79,1,69,0,1,0,3,6,4,4,6,4,5,4.6,4.5,0.69,6.29,1,3.0
7.39,0,76,1,1,2,7,6,5,5,7,5,7,6.0,6.0,2.76,7.39,1,5.55
7.59,3,76,0,3,1,6,8,8,4,8,4,4,6.8,4.0,2.41,6.09,1,5.53
8.18,0,65,2,5,1,4,7,6,6,8,6,7,6.2,6.5,6.55,8.18,1,6.65
6.04,1,69,2,1,0,3,5,5,4,3,6,5,4.0,5.5,3.45,5.54,1,4.53
6.99,1,77,2,6,1,8,6,6,4,5,6,7,5.8,6.5,7.24,6.49,1,6.55
5.44,1,64,0,0,1,3,3,6,4,3,2,4,3.8,3.0,0.34,4.94,0,0.0
7.35,0,85,1,0,1,7,5,4,5,4,5,7,5.0,6.0,1.72,7.35,1,4.07
7.7,1,77,1,1,1,7,4,7,5,8,7,4,6.2,5.5,2.41,7.2,1,6.24
8.49,0,82,1,3,3,7,8,7,5,7,7,7,6.8,7.0,4.48,8.49,1,8.0
6.82,0,81,2,6,2,6,7,7,4,7,7,5,6.2,6.0,7.59,6.82,1,8.44
6.89,0,81,0,3,0,8,5,8,6,4,5,6,6.2,5.5,2.07,6.89,1,5.16
7.69,0,80,1,0,0,8,7,3,2,7,5,9,5.4,7.0,1.38,7.69,1,5.99
6.34,2,70,1,2,3,6,8,6,5,5,5,5,6.0,5.0,3.79,5.34,1,5.83
8.15,1,85,2,4,5,8,6,5,5,8,7,5,6.4,6.0,7.24,7.65,1,11.06
5.74,0,74,2,2,1,6,4,5,3,4,6,4,4.4,5.0,4.48,5.74,0,0.0
7.53,0,69,2,2,1,6,7,6,4,7,4,5,6.0,4.5,4.48,7.53,1,6.69
5.0,0,75,0,1,0,3,4,2,2,4,5,3,3.0,4.0,0.69,5.0,0,0.0
7.63,0,82,3,1,1,4,5,4,3,4,3,5,4.0,4.0,5.17,7.63,1,5.11
6.04,2,81,1,0,0,1,3,2,1,3,3,5,2.0,4.0,1.38,5.04,0,0.0
5.0,1,67,0,0,0,1,3,1,2,3,2,5,2.0,3.5,0.0,4.5,0,0.0
7.88,0,87,1,3,0,8,8,6,5,7,4,5,6.8,4.5,3.45,7.88,1,8.83
7.01,0,76,2,5,2,7,8,6,5,6,5,7,6.4,6.0,6.9,7.01,1,9.38
6.62,1,72,1,3,3,3,5,5,3,5,4,4,4.2,4.0,4.48,6.12,0,0.0
6.84,2,80,1,3,1,7,7,4,7,6,7,4,6.2,5.5,3.79,5.84,1,6.88
7.77,1,89,1,3,1,5,3,5,4,6,5,5,4.6,5.0,3.79,7.27,1,5.22
6.28,1,79,0,1,1,4,7,4,5,5,4,4,5.0,4.0,1.03,5.78,1,3.0
8.68,0,76,1,3,1,9,6,6,3,6,6,8,6.0,7.0,3.79,8.68,1,7.32
6.21,1,88,3,0,1,3,6,6,3,4,2,4,4.4,3.0,4.48,5.71,1,3.14
8.14,0,80,0,2,2,6,9,7,4,4,7,8,6.0,7.5,2.07,8.14,1,6.95
7.96,0,98,2,1,0,6,7,6,7,5,3,7,6.2,5.0,3.45,7.96,1,7.75
5.97,0,68,0,4,1,3,4,3,3,4,4,5,3.4,4.5,3.1,5.97,0,0.0
6.7,0,65,0,1,0,1,3,4,3,1,4,4,2.4,4.0,0.69,6.7,0,0.0
6.48,1,71,0,1,2,4,3,2,2,5,5,7,3.2,6.0,1.38,5.98,0,0.0
8.08,0,80,0,1,1,4,8,5,4,6,6,6,5.4,6.0,1.03,8.08,1,4.67
7.27,0,78,1,2,1,6,6,5,4,5,6,4,5.2,5.0,3.1,7.27,1,5.48
6.83,1,100,3,2,1,6,8,6,7,7,8,7,6.8,7.5,5.86,6.33,1,9.76
5.87,2,73,0,0,1,2,3,4,1,2,7,5,2.4,6.0,0.34,4.87,0,0.0
8.13,0,88,1,6,1,6,8,6,5,8,7,5,6.6,6.0,5.86,8.13,1,8.86
8.07,0,79,2,1,2,8,7,7,3,3,6,6,5.6,6.0,4.14,8.07,1,6.52
6.56,0,68,0,0,0,4,3,6,3,1,4,3,3.4,3.5,0.0,6.56,1,3.0
6.92,0,85,0,6,3,4,5,5,2,4,4,5,4.0,4.5,5.17,6.92,1,3.0
7.38,1,69,2,2,1,4,8,6,7,7,7,6,6.4,6.5,4.48,6.88,1,5.78
7.57,1,72,1,1,2,4,6,7,5,7,8,7,5.8,7.5,2.76,7.07,1,4.96
6.56,0,71,0,0,1,4,3,2,2,3,1,3,2.8,2.0,0.34,6.56,0,0.0
6.46,2,90,0,1,1,6,6,6,4,5,5,4,5.4,4.5,1.03,5.46,1,3.96
6.93,1,68,0,3,0,6,7,3,3,5,7,6,4.8,6.5,2.07,6.43,1,4.17
6.36,0,79,0,5,0,4,7,7,3,4,6,7,5.0,6.5,3.45,6.36,1,4.95
6.07,2,80,0,2,0,5,4,4,3,5,6,5,4.2,5.5,1.38,5.07,0,0.0
6.62,2,88,1,0,2,7,5,6,5,4,3,5,5.4,4.0,2.07,5.62,1,5.24
6.8,0,63,0,1,0,5,5,3,3,3,6,7,3.8,6.5,0.69,6.8,1,3.0
6.94,0,86,1,1,2,4,6,4,2,4,6,5,4.0,5.5,2.76,6.94,1,4.38
7.35,0,80,3,2,1,5,5,5,6,7,6,6,5.6,6.0,5.86,7.35,1,8.6
8.26,0,92,1,5,1,7,6,5,6,6,6,7,6.0,6.5,5.17,8.26,1,8.74
6.28,2,73,2,2,0,7,6,8,2,7,7,6,6.0,6.5,4.14,5.28,1,7.06
8.05,0,84,1,1,2,6,6,5,5,5,5,5,5.4,5.0,2.76,8.05,0,0.0
6.16,4,78,0,6,0,4,6,3,5,3,3,4,4.2,3.5,4.14,4.16,0,0.0
7.07,2,71,0,3,4,5,7,5,4,6,7,7,5.4,7.0,3.45,6.07,1,3.97
6.91,0,68,0,3,1,6,5,6,3,4,7,8,4.8,7.5,2.41,6.91,1,3.96
6.34,1,71,0,1,2,3,5,6,1,4,4,3,3.8,3.5,1.38,5.84,0,0.0
6.18,0,74,1,6,1,4,2,6,3,2,3,8,3.4,5.5,5.86,6.18,1,3.69
8.21,0,71,3,3,1,4,6,5,3,7,4,6,5.0,5.0,6.55,8.21,1,8.38
8.29,0,77,1,3,2,6,9,8,6,6,6,7,7.0,6.5,4.14,8.29,1,8.83
7.84,0,65,2,3,1,7,6,6,5,5,4,9,5.8,6.5,5.17,7.84,1,9.58
6.87,1,79,1,6,1,5,5,5,4,8,8,5,5.4,6.5,5.86,6.37,1,6.68
6.5,1,85,2,4,2,6,7,4,3,4,5,5,4.8,5.0,6.21,6.0,1,4.95
7.95,1,89,1,6,3,8,6,6,7,6,7,5,6.6,6.0,6.55,7.45,1,10.41
8.22,0,83,1,4,2,6,8,6,4,5,5,6,5.8,5.5,4.83,8.22,1,6.76
7.12,0,79,1,2,0,6,9,4,3,6,6,6,5.6,6.0,2.76,7.12,1,7.6
7.06,2,73,3,2,1,5,7,7,5,8,7,5,6.4,6.0,5.86,6.06,1,9.62
7.0,0,90,1,2,4,4,7,2,3,6,3,7,4.4,5.0,4.14,7.0,1,4.73
6.86,2,98,1,3,4,6,4,6,5,7,5,4,5.6,4.5,4.83,5.86,1,6.01
7.33,2,82,0,2,0,5,4,4,5,4,5,6,4.4,5.5,1.38,6.33,1,3.52
7.39,1,96,2,1,0,4,4,4,5,7,4,6,4.8,5.0,3.45,6.89,1,4.41
5.56,1,70,1,2,5,7,7,4,7,5,7,7,6.0,7.0,4.48,5.06,1,7.46
8.01,0,75,0,4,2,7,7,8,3,5,6,5,6.0,5.5,3.45,8.01,0,0.0
6.91,1,72,0,3,2,6,6,6,5,5,7,7,5.6,7.0,2.76,6.41,1,4.8
6.16,0,76,0,2,3,4,4,5,3,5,6,8,4.2,7.0,2.41,6.16,0,0.0
7.6,1,99,0,6,2,8,7,5,7,5,6,4,6.4,5.0,4.83,7.1,1,8.95
7.16,0,73,0,1,1,4,4,5,4,5,6,4,4.4,5.0,1.03,7.16,0,0.0
5.47,1,70,1,4,2,5,4,6,1,5,3,7,4.2,5.0,4.83,4.97,1,3.0
7.94,2,69,2,3,3,5,5,5,5,6,5,6,5.2,5.5,5.86,6.94,1,7.31
6.84,0,85,1,0,0,4,5,2,3,5,4,5,3.8,4.5,1.38,6.84,1,3.0
6.19,3,88,1,2,2,5,4,3,4,4,5,4,4.0,4.5,3.45,4.69,1,3.0
5.94,0,73,0,5,2,7,5,5,2,3,4,7,4.4,5.5,4.14,5.94,1,3.49
5.7,1,59,0,4,2,3,2,3,3,2,5,3,2.6,4.0,3.45,5.2,0,0.0
7.68,0,72,1,2,1,6,7,4,4,5,6,7,5.2,6.5,3.1,7.68,1,7.39
6.03,1,90,1,0,1,5,5,4,3,4,5,3,4.2,4.0,1.72,5.53,0,0.0
7.3,0,84,1,0,0,3,5,5,4,5,5,3,4.4,4.0,1.38,7.3,1,3.0
7.55,1,82,0,1,1,4,7,4,5,4,7,5,4.8,6.0,1.03,7.05,1,3.9
6.97,1,91,0,4,4,4,6,5,5,3,3,5,4.6,4.0,4.14,6.47,0,0.0
6.38,1,93,0,2,1,7,4,5,4,6,6,5,5.2,5.5,1.72,5.88,1,4.95
7.12,1,77,2,2,1,7,6,5,5,3,3,5,5.2,4.0,4.48,6.62,1,6.98
7.26,0,74,0,0,2,3,3,3,2,4,1,4,3.0,2.5,0.69,7.26,1,3.0
5.0,2,67,0,0,0,1,3,3,3,1,6,2,2.2,4.0,0.0,4.0,0,0.0
7.46,0,81,3,2,3,8,6,4,4,5,5,4,5.4,4.5,6.55,7.46,1,13.0
5.63,2,65,0,0,1,2,4,3,3,3,4,4,3.0,4.0,0.34,4.63,0,0.0
6.31,1,61,1,0,1,4,5,5,3,4,2,4,4.2,3.0,1.72,5.81,0,0.0
6.96,1,60,0,3,1,6,5,4,3,4,4,2,4.4,3.0,2.41,6.46,0,0.0
6.6,0,86,1,4,1,8,8,7,6,5,6,6,6.8,6.0,4.48,6.6,1,9.32
8.47,0,73,3,2,2,9,7,6,4,6,7,8,6.4,7.5,6.21,8.47,1,8.76
7.9,1,95,0,2,1,3,6,4,3,6,4,5,4.4,4.5,1.72,7.4,1,3.0
7.76,1,78,1,4,0,4,7,5,5,5,5,4,5.2,4.5,4.14,7.26,1,4.92
7.64,0,94,3,5,0,7,6,10,7,6,6,7,7.2,6.5,7.59,7.64,1,10.39
6.62,0,76,0,1,1,5,5,5,4,4,5,3,4.6,4.0,1.03,6.62,1,3.0
6.28,0,60,1,4,4,3,4,5,1,4,5,5,3.4,5.0,5.52,6.28,1,3.0
7.82,0,93,3,6,3,6,9,8,5,4,7,6,6.4,6.5,9.31,7.82,1,11.21
6.78,3,88,2,1,1,6,6,4,3,6,5,6,5.0,5.5,3.79,5.28,1,5.57
7.42,0,74,2,2,3,8,7,8,7,6,8,7,7.2,7.5,5.17,7.42,1,10.1
7.61,0,74,1,5,0,5,5,3,4,4,5,6,4.2,5.5,4.83,7.61,1,4.62
7.45,1,72,0,3,1,3,6,5,1,3,6,6,3.6,6.0,2.41,6.95,1,3.0
7.76,0,80,1,3,4,6,8,7,6,6,7,5,6.6,6.0,4.83,7.76,1,6.77
6.77,1,78,0,1,0,7,6,7,5,5,3,8,6.0,5.5,0.69,6.27,0,0.0
6.52,0,75,3,3,2,7,7,4,3,6,6,2,5.4,4.0,6.9,6.52,1,9.84
6.77,1,62,1,3,1,4,6,3,4,3,4,7,4.0,5.5,3.79,6.27,1,4.69
6.17,0,70,0,0,0,3,4,2,2,5,3,4,3.2,3.5,0.0,6.17,0,0.0
7.54,0,90,1,3,1,7,6,6,4,5,5,6,5.6,5.5,3.79,7.54,1,7.34
7.43,0,80,1,6,1,8,7,7,5,6,6,8,6.6,7.0,5.86,7.43,1,6.8
6.52,2,72,0,2,1,2,3,2,2,3,2,5,2.4,3.5,1.72,5.52,0,0.0
7.4,0,73,1,2,0,6,8,8,6,7,6,6,7.0,6.0,2.76,7.4,1,7.79
5.54,2,68,0,0,0,5,3,4,1,3,4,5,3.2,4.5,0.0,4.54,0,0.0
6.3,3,84,0,4,2,4,4,4,4,3,6,3,3.8,4.5,3.45,4.8,0,0.0
6.79,1,72,1,1,2,5,9,6,5,6,5,4,6.2,4.5,2.76,6.29,1,6.23
9.2,0,83,0,6,2,6,4,7,4,8,7,7,5.8,7.0,4.83,9.2,1,9.04
6.27,1,80,1,1,3,5,5,5,3,6,6,4,4.8,5.0,3.1,5.77,1,3.93
8.28,2,82,1,1,1,5,6,9,4,7,6,6,6.2,6.0,2.41,7.28,1,6.1
6.77,0,71,2,1,1,5,5,4,2,5,7,7,4.2,7.0,3.79,6.77,1,4.41
6.88,0,76,1,3,1,6,5,4,3,9,8,7,5.4,7.5,3.79,6.88,1,4.92
7.14,0,80,1,1,0,5,6,5,2,6,5,5,4.8,5.0,2.07,7.14,1,4.42
7.61,0,73,0,4,0,4,5,5,2,5,4,6,4.2,5.0,2.76,7.61,1,3.0
6.85,1,83,0,1,1,5,6,5,2,5,6,3,4.6,4.5,1.03,6.35,1,3.64
7.62,1,83,0,3,5,5,8,8,7,7,4,5,7.0,4.5,3.79,7.12,1,7.38
6.38,1,90,0,2,0,5,1,3,1,1,2,4,2.2,3.0,1.38,5.88,0,0.0
7.99,0,82,1,2,2,5,6,7,5,7,8,6,6.0,7.0,3.45,7.99,1,6.73
7.78,0,68,2,1,0,6,6,4,6,4,7,4,5.2,5.5,3.45,7.78,1,6.44
7.64,0,94,0,2,3,6,7,8,6,5,5,6,6.4,5.5,2.41,7.64,1,6.24
6.79,0,78,0,0,1,4,5,6,3,3,10,5,4.2,7.5,0.34,6.79,1,3.32
7.32,1,91,1,5,2,6,4,4,3,4,3,7,4.2,5.0,5.52,6.82,1,5.1
7.58,0,92,0,3,2,7,5,7,6,6,7,7,6.2,7.0,2.76,7.58,1,6.86
6.72,0,76,2,3,5,5,6,6,7,7,5,4,6.2,4.5,6.55,6.72,1,6.95
6.54,0,85,3,1,1,4,5,6,5,7,8,7,5.4,7.5,5.17,6.54,1,6.69
5.79,1,73,0,4,5,5,5,6,4,7,4,4,5.4,4.0,4.48,5.29,0,0.0
7.35,2,80,0,0,1,6,4,6,7,5,5,6,5.6,5.5,0.34,6.35,1,4.19
6.01,0,81,0,1,3,5,5,4,2,3,2,4,3.8,3.0,1.72,6.01,0,0.0
6.22,0,84,0,0,0,3,4,4,4,5,7,6,4.0,6.5,0.0,6.22,1,3.0
5.29,2,76,0,0,0,3,4,2,3,3,3,6,3.0,4.5,0.0,4.29,0,0.0
9.05,0,84,3,0,1,7,7,7,6,5,7,6,6.4,6.5,4.48,9.05,1,8.04
8.58,0,100,1,1,3,8,8,7,6,8,7,7,7.4,7.0,3.1,8.58,1,6.59
7.78,0,78,0,2,2,4,5,5,2,5,5,9,4.2,7.0,2.07,7.78,1,3.34
6.88,1,61,0,3,2,7,7,7,4,3,2,5,5.6,3.5,2.76,6.38,1,4.53
6.96,1,69,1,2,2,6,4,6,6,7,5,5,5.8,5.0,3.45,6.46,1,6.83
6.41,1,95,0,4,1,7,6,3,6,7,6,5,5.8,5.5,3.1,5.91,1,4.7
7.51,1,79,2,5,1,6,7,4,6,6,6,4,5.8,5.0,6.55,7.01,1,8.73
6.47,1,78,0,1,1,5,6,6,4,3,8,4,4.8,6.0,1.03,5.97,1,3.3
6.63,1,78,2,2,1,4,7,5,5,5,6,6,5.2,6.0,4.48,6.13,1,5.47
6.64,1,80,3,4,1,6,7,7,6,5,8,6,6.2,7.0,7.24,6.14,1,7.1
6.1,3,67,0,0,0,6,2,1,1,3,4,2,2.6,3.0,0.0,4.6,0,0.0
6.34,1,81,0,3,1,6,3,4,2,4,3,4,3.8,3.5,2.41,5.84,1,3.0
8.12,0,77,0,2,1,5,5,6,2,6,5,5,4.8,5.0,1.72,8.12,1,3.96
6.3,1,78,0,3,0,4,6,5,3,4,4,4,4.4,4.0,2.07,5.8,1,3.27
6.68,0,80,0,2,1,2,5,4,3,3,5,6,3.4,5.5,1.72,6.68,0,0.0
6.77,1,78,0,2,1,5,6,7,6,9,5,5,6.6,5.0,1.72,6.27,0,0.0
7.93,0,74,2,4,3,7,8,9,8,7,4,5,7.8,4.5,6.55,7.93,1,11.12
7.0,0,67,2,3,1,5,6,3,5,4,7,7,4.6,7.0,5.17,7.0,1,4.97
6.66,0,100,2,2,2,4,4,4,5,2,5,7,3.8,6.0,4.83,6.66,1,3.66
9.11,0,100,3,6,4,9,8,6,7,8,7,7,7.6,7.0,9.66,9.11,1,9.89
8.47,0,90,0,3,2,5,8,5,6,7,4,5,6.2,4.5,2.76,8.47,1,4.98
6.75,1,70,1,2,0,5,7,4,4,4,5,5,4.8,5.0,2.76,6.25,1,3.47
7.65,1,74,0,1,0,4,4,4,2,5,4,5,3.8,4.5,0.69,7.15,1,3.0
8.27,0,78,0,5,2,6,7,8,6,7,5,7,6.8,6.0,4.14,8.27,1,7.23
7.92,0,72,2,3,4,9,8,8,7,5,7,8,7.4,7.5,6.21,7.92,1,9.4
7.8,0,82,1,5,4,8,7,8,6,8,6,6,7.4,6.0,6.21,7.8,1,6.73
6.72,1,84,0,2,3,4,5,5,3,4,6,6,4.2,6.0,2.41,6.22,1,3.0
8.67,0,92,1,4,2,7,7,5,5,5,6,6,5.8,6.0,4.83,8.67,1,7.73
6.41,1,69,1,1,1,2,3,5,2,5,5,6,3.4,5.5,2.41,5.91,0,0.0
7.82,0,80,0,3,2,6,9,2,7,7,6,7,6.2,6.5,2.76,7.82,1,6.71
5.43,0,76,0,0,1,4,2,4,3,1,4,2,2.8,3.0,0.34,5.43,0,0.0
8.11,0,80,0,3,5,6,7,7,4,6,5,3,6.0,4.0,3.79,8.11,1,5.98
8.8,0,85,1,0,4,7,6,8,6,7,8,6,6.8,7.0,2.76,8.8,1,7.85
7.22,1,82,1,4,1,7,8,8,6,6,4,7,7.0,5.5,4.48,6.72,1,7.64
8.1,0,85,3,5,1,8,10,5,6,6,6,8,7.0,7.0,7.93,8.1,1,9.77
6.47,0,77,0,2,0,4,3,5,2,4,3,6,3.6,4.5,1.38,6.47,0,0.0
6.09,1,69,0,1,1,5,4,4,2,5,4,4,4.0,4.0,1.03,5.59,0,0.0
6.34,0,71,1,3,0,2,6,5,4,5,6,7,4.4,6.5,3.45,6.34,1,3.79
6.74,1,63,0,3,0,3,4,2,3,1,5,4,2.6,4.5,2.07,6.24,0,0.0
8.04,0,70,0,5,3,6,7,6,2,3,7,5,4.8,6.0,4.48,8.04,1,7.56
7.49,2,82,1,2,1,8,6,8,5,5,6,5,6.4,5.5,3.1,6.49,1,7.57
5.97,0,80,0,1,0,4,4,3,2,2,6,5,3.0,5.5,0.69,5.97,0,0.0
7.11,1,68,0,4,0,3,6,6,5,5,5,5,5.0,5.0,2.76,6.61,1,4.84
6.01,0,77,0,1,1,1,4,2,2,3,4,7,2.4,5.5,1.03,6.01,0,0.0
8.41,0,88,0,0,1,6,6,5,4,6,6,8,5.4,7.0,0.34,8.41,1,6.09
7.31,0,62,0,1,2,4,3,6,3,4,6,5,4.0,5.5,1.38,7.31,0,0.0
6.68,2,73,0,1,1,2,5,5,3,3,4,5,3.6,4.5,1.03,5.68,0,0.0
7.02,0,94,2,3,2,4,4,7,6,7,7,5,5.6,6.0,5.52,7.02,1,4.29
6.71,0,82,0,2,2,5,7,6,4,3,5,2,5.0,3.5,2.07,6.71,1,4.18
6.69,0,68,1,2,4,8,6,8,6,7,7,5,7.0,6.0,4.14,6.69,1,8.61
8.64,0,87,1,4,0,7,8,6,7,7,5,8,7.0,6.5,4.14,8.64,1,7.46
6.9,1,69,1,3,1,6,6,5,1,3,4,6,4.2,5.0,3.79,6.4,1,4.38
7.84,0,89,1,4,3,5,5,7,5,6,6,5,5.6,5.5,5.17,7.84,1,5.83
5.62,1,72,0,3,1,4,3,2,2,4,5,5,3.0,5.0,2.41,5.12,0,0.0
6.52,0,79,2,2,1,6,5,3,2,5,4,4,4.2,4.0,4.48,6.52,1,3.92
7.26,1,78,2,3,2,5,6,4,4,3,4,4,4.4,4.0,5.52,6.76,0,0.0
6.77,2,76,0,3,1,4,3,2,3,5,2,6,3.4,4.0,2.41,5.77,1,3.0
7.19,2,73,2,2,2,6,7,5,7,7,7,6,6.4,6.5,4.83,6.19,1,6.78
7.2,0,76,1,1,0,5,4,4,2,5,6,7,4.0,6.5,2.07,7.2,1,3.66
7.5,0,66,0,2,1,6,6,7,5,1,2,4,5.0,3.0,1.72,7.5,1,4.49
6.43,1,80,1,4,1,5,7,4,6,4,5,5,5.2,5.0,4.48,5.93,0,0.0
6.38,0,78,2,0,4,6,7,4,7,4,6,7,5.6,6.5,4.14,6.38,1,5.99
6.94,1,66,2,3,2,3,5,5,1,7,7,6,4.2,6.5,5.52,6.44,0,0.0
7.32,0,83,0,4,3,4,6,4,5,3,4,5,4.4,4.5,3.79,7.32,1,4.07
8.57,0,75,2,4,2,5,7,5,5,7,6,7,5.8,6.5,6.21,8.57,1,7.68
6.05,4,82,0,1,1,4,4,3,1,5,5,4,3.4,4.5,1.03,4.05,0,0.0
6.55,0,83,0,0,0,3,3,4,1,3,3,2,2.8,2.5,0.0,6.55,0,0.0
6.4,4,77,2,0,2,6,6,2,4,5,6,4,4.6,5.0,3.45,4.4,0,0.0
7.4,0,87,1,6,0,4,6,3,4,4,7,6,4.2,6.5,5.52,7.4,1,5.01
6.81,1,71,0,2,1,3,3,5,3,4,3,6,3.6,4.5,1.72,6.31,1,3.0
7.5,0,92,1,6,4,5,6,6,5,8,8,6,6.0,7.0,6.9,7.5,1,6.24
6.27,2,76,1,0,0,4,6,6,4,3,4,4,4.6,4.0,1.38,5.27,0,0.0
7.09,1,86,3,5,1,8,6,7,5,6,3,5,6.4,4.0,7.93,6.59,1,7.95
8.38,1,84,1,1,1,5,8,6,5,6,6,7,6.0,6.5,2.41,7.88,1,5.73
7.24,1,93,2,2,1,5,9,7,6,5,7,7,6.4,7.0,4.48,6.74,1,10.48
7.35,0,85,2,3,2,7,7,4,4,8,4,8,6.0,6.0,5.52,7.35,1,6.42
6.86,1,77,0,3,0,7,5,6,3,7,5,4,5.6,4.5,2.07,6.36,1,3.74
6.72,1,74,2,1,2,3,6,5,3,4,5,5,4.2,5.0,4.14,6.22,1,3.44
8.56,0,83,0,2,0,4,8,7,4,5,5,5,5.6,5.0,1.38,8.56,1,5.45
8.23,0,75,0,1,4,4,6,5,3,6,7,6,4.8,6.5,2.07,8.23,1,3.79
6.1,3,67,1,3,1,6,6,5,2,6,5,9,5.0,7.0,3.79,4.6,0,0.0
8.43,0,70,2,4,3,8,8,8,7,8,8,8,7.8,8.0,6.55,8.43,1,9.38
5.0,2,59,0,0,1,1,1,2,2,1,4,2,1.4,3.0,0.34,4.0,0,0.0
6.5,1,93,0,2,1,4,5,3,1,2,7,4,3.0,5.5,1.72,6.0,1,3.0
6.32,1,71,0,1,1,4,3,4,2,3,3,4,3.2,3.5,1.03,5.82,0,0.0
6.55,5,94,1,0,0,5,2,7,4,5,5,5,4.6,5.0,1.38,4.05,0,0.0
6.73,3,79,0,1,2,2,5,4,2,4,3,3,3.4,3.0,1.38,5.23,0,0.0
5.8,0,76,0,0,0,3,5,4,4,5,6,5,4.2,5.5,0.0,5.8,0,0.0
7.07,1,66,0,3,0,6,6,7,2,5,6,2,5.2,4.0,2.07,6.57,0,0.0
6.2,1,72,0,0,0,2,5,3,1,3,5,2,2.8,3.5,0.0,5.7,0,0.0
9.06,0,97,2,3,2,6,8,5,5,8,6,10,6.4,8.0,5.52,9.06,1,7.59
6.6,0,86,0,4,2,5,7,5,6,4,3,6,5.4,4.5,3.45,6.6,1,4.47
6.16,1,73,0,0,0,3,4,2,2,3,4,7,2.8,5.5,0.0,5.66,0,0.0
7.83,0,71,0,0,3,6,6,6,6,3,4,4,5.4,4.0,1.03,7.83,1,4.04
7.0,0,72,0,1,1,5,5,4,3,5,6,2,4.4,4.0,1.03,7.0,1,3.46
5.0,2,69,0,0,1,3,4,5,4,2,4,3,3.6,3.5,0.34,4.0,0,0.0
6.93,0,90,1,0,2,7,5,6,4,5,5,9,5.4,7.0,2.07,6.93,0,0.0
5.12,1,81,0,0,0,3,5,3,1,2,7,2,2.8,4.5,0.0,4.62,0,0.0
7.39,1,76,2,2,3,3,1,2,3,5,6,7,2.8,6.5,5.17,6.89,0,0.0
6.59,1,81,1,3,2,5,6,6,3,4,7,5,4.8,6.0,4.14,6.09,1,4.86
5.77,1,85,0,4,1,4,4,5,1,4,4,5,3.6,4.5,3.1,5.27,0,0.0
7.3,0,73,2,3,3,7,7,4,6,4,5,5,5.6,5.0,5.86,7.3,1,7.85
5.75,0,74,3,2,0,3,4,4,4,4,7,4,3.8,5.5,5.52,5.75,1,4.5
6.77,0,81,2,1,3,6,4,6,3,5,8,7,4.8,7.5,4.48,6.77,1,6.02
5.9,0,67,0,0,1,3,4,3,2,5,2,6,3.4,4.0,0.34,5.9,0,0.0
8.19,1,77,0,3,1,6,8,8,5,5,5,7,6.4,6.0,2.41,7.69,1,7.27
5.51,1,70,2,1,0,4,5,5,5,2,4,6,4.2,5.0,3.45,5.01,1,3.1
7.12,3,88,0,2,0,7,7,6,5,4,6,5,5.8,5.5,1.38,5.62,1,6.06
7.18,1,91,0,2,0,5,4,5,3,4,6,8,4.2,7.0,1.38,6.68,1,3.82
5.39,2,77,0,1,0,6,5,5,3,6,4,5,5.0,4.5,0.69,4.39,1,3.3
6.53,1,71,0,0,1,3,6,4,2,4,4,8,3.8,6.0,0.34,6.03,1,3.0
7.42,0,75,1,6,4,6,6,5,5,5,3,5,5.4,4.0,6.9,7.42,1,6.7
9.07,0,90,1,3,0,8,10,9,8,8,6,6,8.6,6.0,3.45,9.07,1,13.01
7.19,0,78,3,2,4,7,4,5,3,8,8,7,5.4,7.5,6.9,7.19,1,6.26
8.2,0,82,1,2,1,9,7,7,5,7,7,7,7.0,7.0,3.1,8.2,1,10.51
8.11,1,83,2,4,5,6,7,5,4,6,7,7,5.6,7.0,7.24,7.61,1,7.96
5.58,1,66,0,0,1,2,6,4,2,3,3,4,3.4,3.5,0.34,5.08,0,0.0
7.02,1,73,0,0,2,4,5,6,5,6,4,5,5.2,4.5,0.69,6.52,0,0.0
8.51,0,83,2,6,0,8,7,7,5,7,7,6,6.8,6.5,6.9,8.51,1,8.38
8.07,0,75,1,0,1,8,9,6,5,7,6,7,7.0,6.5,1.72,8.07,1,9.8
6.35,1,71,0,2,0,1,4,3,1,4,6,4,2.6,5.0,1.38,5.85,0,0.0
6.58,0,83,1,1,0,3,5,5,5,5,4,4,4.6,4.0,2.07,6.58,0,0.0
7.35,1,61,1,4,2,7,6,7,5,5,5,7,6.0,6.0,4.83,6.85,1,7.12
5.96,0,85,0,2,0,1,4,2,2,1,3,3,2.0,3.0,1.38,5.96,0,0.0
6.8,1,79,0,1,4,2,3,1,4,3,2,2,2.6,2.0,2.07,6.3,0,0.0
5.98,0,78,1,2,1,5,7,5,1,3,6,4,4.2,5.0,3.1,5.98,1,3.8
7.14,1,82,0,2,0,5,7,5,6,4,8,8,5.4,8.0,1.38,6.64,1,3.96
6.6,1,69,0,0,1,4,7,4,2,4,6,6,4.2,6.0,0.34,6.1,0,0.0
6.67,1,72,1,1,3,6,4,6,5,5,6,4,5.2,5.0,3.1,6.17,1,5.61
5.64,5,66,0,2,0,3,2,4,4,3,7,5,3.2,6.0,1.38,3.14,0,0.0
7.15,2,76,1,1,0,3,4,3,3,2,5,5,3.0,5.0,2.07,6.15,0,0.0
6.18,0,84,1,1,1,7,8,4,5,3,6,5,5.4,5.5,2.41,6.18,1,4.98
9.07,0,77,2,6,2,7,7,8,7,9,7,8,7.6,7.5,7.59,9.07,1,10.5
6.81,0,82,1,4,1,6,7,6,4,6,6,6,5.8,6.0,4.48,6.81,1,5.48
7.45,1,61,1,3,1,6,6,8,5,5,6,6,6.0,6.0,3.79,6.95,1,7.01
7.46,0,78,1,5,0,5,5,6,4,7,7,7,5.4,7.0,4.83,7.46,1,7.3
7.32,0,88,0,2,1,4,5,5,3,4,4,6,4.2,5.0,1.72,7.32,1,3.01
6.63,1,76,0,0,1,5,7,5,4,7,6,5,5.6,5.5,0.34,6.13,1,4.17
5.29,1,66,0,0,0,3,4,1,2,2,2,3,2.4,2.5,0.0,4.79,0,0.0
5.63,1,67,0,2,0,3,1,5,2,4,5,3,3.0,4.0,1.38,5.13,0,0.0
5.96,0,54,1,1,0,5,5,4,3,5,8,3,4.4,5.5,2.07,5.96,1,4.3
5.23,2,68,0,3,1,4,2,3,1,5,5,5,3.0,5.0,2.41,4.23,0,0.0
6.75,0,87,1,1,3,3,4,3,3,4,7,6,3.4,6.5,3.1,6.75,1,3.0
7.67,1,76,3,2,4,6,8,7,3,8,7,7,6.4,7.0,6.9,7.17,1,7.44
7.73,0,76,0,0,2,4,7,5,3,4,2,6,4.6,4.0,0.69,7.73,1,3.43
7.95,1,63,2,6,4,8,9,7,6,6,6,6,7.2,6.0,8.28,7.45,1,9.71
7.58,0,69,3,1,0,7,7,4,6,6,7,5,6.0,6.0,4.83,7.58,1,8.25
8.2,0,93,2,3,2,7,7,6,5,8,3,5,6.6,4.0,5.52,8.2,1,7.8
6.35,2,81,1,2,3,5,6,3,3,4,4,4,4.2,4.0,3.79,5.35,1,3.74
7.63,0,73,1,4,0,4,5,7,6,9,6,7,6.2,6.5,4.14,7.63,1,6.95
7.56,1,75,0,0,2,5,9,6,6,8,4,5,6.8,4.5,0.69,7.06,1,6.81
7.23,0,80,2,0,0,4,5,2,3,5,4,5,3.8,4.5,2.76,7.23,1,3.13
7.14,1,70,1,1,3,6,7,5,3,5,8,7,5.2,7.5,3.1,6.64,1,6.38
7.41,0,64,1,3,1,6,6,4,5,7,1,8,5.6,4.5,3.79,7.41,1,5.53
6.4,0,73,0,0,1,4,3,3,5,1,5,3,3.2,4.0,0.34,6.4,0,0.0
6.86,1,84,0,2,0,3,5,6,2,5,7,4,4.2,5.5,1.38,6.36,0,0.0
6.97,0,91,0,1,1,7,7,4,5,5,6,4,5.6,5.0,1.03,6.97,1,6.6
7.85,0,86,2,2,1,5,5,5,3,6,7,4,4.8,5.5,4.48,7.85,1,5.24
7.17,0,66,0,3,2,4,6,5,7,4,5,5,5.2,5.0,2.76,7.17,1,4.01
6.19,0,76,0,1,0,3,6,3,1,3,3,2,3.2,2.5,0.69,6.19,0,0.0
6.79,1,74,0,3,1,5,8,3,3,5,5,5,4.8,5.0,2.41,6.29,1,4.2
7.2,0,82,2,4,2,9,9,7,5,8,6,6,7.6,6.0,6.21,7.2,1,10.08
6.71,0,74,0,1,0,4,6,6,2,4,4,5,4.4,4.5,0.69,6.71,1,3.57
7.68,0,73,2,5,1,7,5,4,3,6,6,6,5.0,6.0,6.55,7.68,1,6.2
7.99,0,51,0,3,0,4,6,6,4,6,4,6,5.2,5.0,2.07,7.99,0,0.0
6.06,2,83,0,0,0,2,5,2,3,5,3,5,3.4,4.0,0.0,5.06,0,0.0
7.42,0,76,0,5,1,4,7,6,3,5,4,4,5.0,4.0,3.79,7.42,0,0.0
7.43,2,69,3,2,0,6,4,4,5,4,6,6,4.6,6.0,5.52,6.43,0,0.0
9.35,0,95,0,4,2,8,10,8,4,7,6,8,7.4,7.0,3.45,9.35,1,9.26
7.57,1,74,1,1,0,4,7,3,2,5,3,5,4.2,4.0,2.07,7.07,0,0.0
5.78,1,67,0,1,0,4,3,3,1,4,3,7,3.0,5.0,0.69,5.28,0,0.0
5.76,0,72,0,2,2,4,5,4,3,4,5,5,4.0,5.0,2.07,5.76,0,0.0
7.57,1,81,0,4,2,4,4,3,3,3,6,6,3.4,6.0,3.45,7.07,0,0.0
6.42,0,74,2,3,3,4,5,5,3,7,6,5,4.8,5.5,5.86,6.42,1,3.82
7.46,0,69,2,3,1,5,5,6,5,3,6,5,4.8,5.5,5.17,7.46,1,6.38
8.23,0,88,0,1,1,8,6,9,7,7,6,6,7.4,6.0,1.03,8.23,1,7.66
6.89,3,78,1,3,1,6,4,5,4,4,5,6,4.6,5.5,3.79,5.39,1,4.06
7.15,0,79,0,2,0,8,7,7,5,6,7,5,6.6,6.0,1.38,7.15,0,0.0
6.53,0,82,0,1,1,3,6,2,3,3,5,4,3.4,4.5,1.03,6.53,0,0.0
6.87,0,71,0,1,1,3,6,2,4,4,4,6,3.8,5.0,1.03,6.87,1,3.0
6.9,1,73,0,3,4,5,5,5,7,6,4,6,5.6,5.0,3.45,6.4,0,0.0
6.6,1,76,0,0,1,5,5,6,4,4,6,5,4.8,5.5,0.34,6.1,1,3.44
7.78,1,68,1,6,1,7,6,10,5,5,7,7,6.6,7.0,5.86,7.28,1,9.12
5.63,3,72,0,1,0,2,3,2,2,5,5,5,2.8,5.0,0.69,4.13,0,0.0
7.28,0,71,2,5,2,6,6,5,5,6,4,7,5.6,5.5,6.9,7.28,1,5.62
7.53,0,88,1,2,0,5,5,6,4,6,5,8,5.2,6.5,2.76,7.53,1,5.66
7.49,2,84,1,1,1,4,7,6,6,6,4,7,5.8,5.5,2.41,6.49,0,0.0
6.54,0,82,0,1,3,5,5,5,4,7,6,7,5.2,6.5,1.72,6.54,1,3.6
6.97,0,65,0,2,4,4,6,6,5,4,4,5,5.0,4.5,2.76,6.97,1,4.52
6.7,1,80,3,3,0,6,8,9,3,5,5,5,6.2,5.0,6.21,6.2,1,6.26
6.91,1,71,0,1,1,2,5,6,2,6,8,4,4.2,6.0,1.03,6.41,0,0.0
8.16,0,81,0,6,1,5,8,8,4,7,7,5,6.4,6.0,4.48,8.16,1,6.6
7.69,0,64,2,6,1,6,9,4,5,5,7,6,5.8,6.5,7.24,7.69,1,9.79
7.54,0,69,0,2,1,4,8,7,3,8,4,7,6.0,5.5,1.72,7.54,1,4.79
8.13,0,88,2,6,1,4,6,5,4,7,3,8,5.2,5.5,7.24,8.13,1,6.35
6.6,1,76,1,1,1,5,5,7,6,4,7,6,5.4,6.5,2.41,6.1,0,0.0
7.13,0,77,0,0,4,6,5,7,4,6,2,5,5.6,3.5,1.38,7.13,1,3.27
8.98,0,76,2,4,1,5,4,7,5,6,5,6,5.4,5.5,5.86,8.98,1,7.55
6.83,0,72,1,4,2,5,7,4,3,5,5,6,4.8,5.5,4.83,6.83,1,5.43
6.68,1,76,0,3,0,4,6,4,5,5,3,6,4.8,4.5,2.07,6.18,0,0.0
6.68,1,72,0,1,2,2,4,3,2,4,4,4,3.0,4.0,1.38,6.18,1,3.0
9.09,0,96,0,3,2,8,6,8,6,8,5,7,7.2,6.0,2.76,9.09,1,8.73
7.72,0,78,0,0,2,5,5,6,5,5,4,8,5.2,6.0,0.69,7.72,1,3.7
5.2,0,69,0,0,0,3,5,5,2,3,4,5,3.6,4.5,0.0,5.2,0,0.0
8.23,1,70,3,1,0,7,8,8,7,7,8,6,7.4,7.0,4.83,7.73,1,10.64
6.21,1,68,0,0,0,1,3,1,1,3,1,3,1.8,2.0,0.0,5.71,0,0.0
5.62,1,74,0,0,0,3,7,3,1,3,4,4,3.4,4.0,0.0,5.12,0,0.0
7.39,1,80,1,2,0,8,8,7,6,6,7,4,7.0,5.5,2.76,6.89,1,8.49
7.73,1,81,1,3,2,7,4,6,6,7,5,5,6.0,5.0,4.14,7.23,1,7.29
6.17,0,75,1,3,2,5,3,5,3,6,4,6,4.4,5.0,4.14,6.17,0,0.0
6.59,0,88,0,0,0,3,4,4,2,4,4,7,3.4,5.5,0.0,6.59,0,0.0
6.52,0,78,2,2,0,6,6,4,3,5,6,5,4.8,5.5,4.14,6.52,1,4.6
8.97,0,96,2,5,3,7,9,8,7,10,8,8,8.2,8.0,7.24,8.97,1,13.51
7.0,1,81,3,3,0,5,6,5,3,5,3,6,4.8,4.5,6.21,6.5,1,5.08
6.7,0,85,0,1,1,5,4,4,3,5,5,7,4.2,6.0,1.03,6.7,0,0.0
7.9,0,80,0,2,3,6,7,6,4,8,6,5,6.2,5.5,2.41,7.9,1,5.07
6.66,0,75,3,0,1,6,6,3,5,5,3,7,5.0,5.0,4.48,6.66,1,5.15
5.45,1,75,0,1,2,6,6,4,3,5,4,6,4.8,5.0,1.38,4.95,1,3.0
6.16,0,76,0,2,0,4,7,6,3,4,5,7,4.8,6.0,1.38,6.16,0,0.0
6.6,3,83,2,2,3,6,5,6,4,5,4,8,5.2,6.0,5.17,5.1,1,4.66
5.0,3,70,0,1,1,1,3,3,2,3,4,4,2.4,4.0,1.03,3.5,0,0.0
6.28,3,80,0,1,0,5,4,4,5,1,3,6,3.8,4.5,0.69,4.78,0,0.0
6.93,3,76,0,2,0,4,6,3,4,5,3,4,4.4,3.5,1.38,5.43,0,0.0
6.03,0,83,1,3,1,8,4,6,1,5,6,2,4.8,4.0,3.79,6.03,1,4.85
7.73,1,87,1,2,1,3,5,2,5,5,7,6,4.0,6.5,3.1,7.23,1,3.79
5.0,3,77,0,1,0,5,5,2,2,1,2,3,3.0,2.5,0.69,3.5,0,0.0
7.24,0,79,0,1,1,7,6,5,7,4,7,7,5.8,7.0,1.03,7.24,1,4.92
7.08,1,85,3,2,1,5,7,8,4,6,6,7,6.0,6.5,5.86,6.58,1,8.5
7.61,1,75,1,1,0,8,7,6,5,6,3,4,6.4,3.5,2.07,7.11,1,5.12
5.52,0,69,0,0,2,1,2,3,1,1,1,6,1.6,3.5,0.69,5.52,0,0.0
5.17,1,74,0,0,3,3,5,3,1,3,5,5,3.0,5.0,1.03,4.67,0,0.0
7.74,0,69,3,4,2,5,9,5,4,7,4,5,6.0,4.5,7.59,7.74,1,8.72
5.66,1,79,0,1,1,2,1,1,1,3,3,2,1.6,2.5,1.03,5.16,0,0.0
6.15,1,68,0,6,1,5,6,6,2,5,5,2,4.8,3.5,4.48,5.65,1,4.45
6.54,1,74,0,0,2,5,4,3,1,5,5,6,3.6,5.5,0.69,6.04,0,0.0
8.08,0,80,1,3,2,8,6,5,5,5,6,5,5.8,5.5,4.14,8.08,1,8.77
6.41,0,69,0,2,1,3,5,5,3,5,7,4,4.2,5.5,1.72,6.41,0,0.0
7.48,2,79,1,4,5,2,7,6,6,4,4,5,5.0,4.5,5.86,6.48,1,6.46
8.62,0,85,1,0,3,7,6,6,6,7,6,6,6.4,6.0,2.41,8.62,1,6.54
9.04,0,73,2,1,1,6,9,6,5,7,6,8,6.6,7.0,3.79,9.04,1,7.16
6.81,0,82,0,2,1,7,4,3,5,4,6,3,4.6,4.5,1.72,6.81,0,0.0
7.05,1,73,2,2,1,5,7,3,4,6,7,4,5.0,5.5,4.48,6.55,1,5.48
5.97,0,99,1,1,0,4,4,6,3,7,5,5,4.8,5.0,2.07,5.97,1,3.05
8.23,1,79,0,3,2,5,6,7,5,5,7,6,5.6,6.5,2.76,7.73,1,4.24
6.07,0,70,0,2,1,6,6,5,4,6,4,6,5.4,5.0,1.72,6.07,1,3.77
6.85,0,74,2,1,1,5,5,6,4,7,6,5,5.4,5.5,3.79,6.85,1,4.53
7.02,2,87,1,3,1,7,2,4,2,5,6,8,4.0,7.0,3.79,6.02,1,3.83
5.59,0,71,0,1,0,3,5,5,2,4,6,4,3.8,5.0,0.69,5.59,0,0.0
7.2,1,67,0,4,2,7,6,3,4,5,6,7,5.0,6.5,3.45,6.7,1,6.09
8.88,0,88,0,2,2,4,6,5,5,7,6,7,5.4,6.5,2.07,8.88,1,5.63
7.4,0,78,0,3,1,4,6,6,4,3,6,7,4.6,6.5,2.41,7.4,1,4.41
5.74,1,81,1,0,2,5,4,4,3,5,5,3,4.2,4.0,2.07,5.24,0,0.0
7.49,1,87,1,3,0,5,4,5,2,4,8,7,4.0,7.5,3.45,6.99,1,4.47
7.3,0,77,1,1,0,5,3,4,4,5,6,6,4.2,6.0,2.07,7.3,0,0.0
6.11,3,92,0,0,0,1,4,3,3,1,4,3,2.4,3.5,0.0,4.61,0,0.0
6.97,0,71,0,1,2,4,7,4,4,7,4,2,5.2,3.0,1.38,6.97,1,7.17
7.44,1,72,1,2,1,6,7,6,5,5,4,6,5.8,5.0,3.1,6.94,1,5.02
6.06,1,72,0,1,1,5,6,5,3,4,5,8,4.6,6.5,1.03,5.56,0,0.0
6.91,0,100,1,1,2,5,8,6,5,8,8,5,6.4,6.5,2.76,6.91,1,6.01
7.47,0,94,0,5,3,8,8,7,5,8,5,6,7.2,5.5,4.48,7.47,1,7.39
7.69,0,91,1,1,3,7,5,6,7,6,7,6,6.2,6.5,3.1,7.69,1,5.8
6.74,1,71,3,3,3,5,6,3,5,4,6,7,4.6,6.5,7.24,6.24,1,6.7
9.43,0,76,2,2,3,9,8,5,5,6,7,5,6.6,6.0,5.17,9.43,1,11.01
6.81,0,70,2,2,2,3,5,5,3,6,5,4,4.4,4.5,4.83,6.81,1,3.58
5.9,1,65,0,1,0,4,5,2,2,4,3,3,3.4,3.0,0.69,5.4,0,0.0
6.85,1,89,1,2,3,6,8,5,2,6,4,7,5.4,5.5,3.79,6.35,1,5.29
7.71,0,78,1,4,1,5,3,6,6,6,7,6,5.2,6.5,4.48,7.71,1,5.63
6.78,1,82,0,4,1,8,6,5,4,4,6,5,5.4,5.5,3.1,6.28,1,5.9
5.81,1,82,2,3,3,4,4,1,3,4,3,4,3.2,3.5,5.86,5.31,0,0.0
8.51,0,61,1,1,2,5,7,7,5,5,5,8,5.8,6.5,2.76,8.51,1,6.85
7.38,1,79,0,1,1,5,4,7,5,6,10,7,5.4,8.5,1.03,6.88,1,4.24
7.19,0,78,1,4,3,5,3,8,6,5,6,7,5.4,6.5,5.17,7.19,1,4.16
8.22,0,81,1,3,2,5,8,5,6,8,9,7,6.4,8.0,4.14,8.22,1,9.12
6.68,0,70,0,1,3,4,6,4,4,6,1,7,4.8,4.0,1.72,6.68,1,3.0
7.19,2,75,0,2,0,5,4,4,4,3,5,4,4.0,4.5,1.38,6.19,0,0.0
6.76,3,77,2,1,0,4,5,5,6,5,6,6,5.0,6.0,3.45,5.26,1,4.85
6.72,0,75,0,0,0,4,5,2,2,3,4,7,3.2,5.5,0.0,6.72,0,0.0
6.85,0,75,1,1,2,4,4,4,4,6,4,3,4.4,3.5,2.76,6.85,0,0.0
9.14,0,86,3,4,2,6,8,8,5,4,6,6,6.2,6.0,7.59,9.14,1,11.06
6.67,0,65,0,4,1,3,5,4,3,4,6,4,3.8,5.0,3.1,6.67,0,0.0
6.8,0,80,0,4,0,2,2,6,3,3,7,5,3.2,6.0,2.76,6.8,1,3.0
7.02,0,76,0,0,0,6,4,5,3,4,7,7,4.4,7.0,0.0,7.02,0,0.0
7.16,0,73,0,0,1,5,3,1,5,7,4,6,4.2,5.0,0.34,7.16,0,0.0
6.52,0,72,1,0,2,6,5,3,3,5,5,5,4.4,5.0,2.07,6.52,1,3.62
6.91,0,72,0,1,1,5,3,6,3,4,4,6,4.2,5.0,1.03,6.91,1,3.0
8.78,0,99,1,4,3,6,7,6,4,6,5,6,5.8,5.5,5.17,8.78,1,7.27
5.3,2,71,0,0,0,4,4,3,4,3,4,4,3.6,4.0,0.0,4.3,0,0.0
8.11,0,76,0,6,1,6,9,7,5,8,5,7,7.0,6.0,4.48,8.11,1,6.72
5.96,0,78,0,3,2,2,7,5,5,4,2,7,4.6,4.5,2.76,5.96,1,3.0
6.76,0,70,1,0,0,5,5,2,3,4,6,6,3.8,6.0,1.38,6.76,1,3.06
7.19,0,82,1,3,1,4,4,6,1,4,6,5,3.8,5.5,3.79,7.19,1,4.1
7.93,0,80,3,6,2,8,8,9,8,8,6,10,8.2,8.0,8.97,7.93,1,12.11
7.5,1,90,1,2,2,8,6,7,5,5,6,4,6.2,5.0,3.45,7.0,0,0.0
8.65,0,78,2,5,2,7,7,7,5,5,5,6,6.2,5.5,6.9,8.65,1,12.29
6.26,1,88,1,1,1,4,3,3,3,5,4,3,3.6,3.5,2.41,5.76,0,0.0
8.33,0,69,0,2,0,7,6,3,5,4,6,6,5.0,6.0,1.38,8.33,1,4.77
6.91,0,74,2,1,0,5,4,6,4,8,6,7,5.4,6.5,3.45,6.91,1,5.63
5.58,1,83,0,0,0,3,2,3,3,4,3,5,3.0,4.0,0.0,5.08,0,0.0
6.27,2,74,2,1,1,2,5,4,3,4,5,5,3.6,5.0,3.79,5.27,0,0.0
7.45,1,98,3,5,0,10,6,6,5,7,6,7,6.8,6.5,7.59,6.95,1,8.29
6.17,0,71,0,2,0,3,3,4,3,6,4,5,3.8,4.5,1.38,6.17,0,0.0
7.56,0,82,1,2,2,5,6,7,5,6,5,4,5.8,4.5,3.45,7.56,1,6.13
6.98,1,89,0,1,1,4,4,4,2,3,5,6,3.4,5.5,1.03,6.48,0,0.0
8.09,0,69,2,1,1,9,9,7,4,8,7,6,7.4,6.5,3.79,8.09,1,8.16
7.52,1,64,0,3,1,5,8,6,4,8,3,8,6.2,5.5,2.41,7.02,1,4.85
5.0,4,72,0,0,3,4,1,5,2,3,5,6,3.0,5.5,1.03,3.0,0,0.0
7.24,0,86,0,2,1,4,6,5,5,3,5,5,4.6,5.0,1.72,7.24,0,0.0
6.67,4,68,2,3,2,5,7,6,3,5,3,3,5.2,3.0,5.52,4.67,1,6.78
5.8,1,78,1,0,0,3,1,4,3,5,3,2,3.2,2.5,1.38,5.3,0,0.0
8.12,0,85,0,5,1,4,7,3,3,5,6,5,4.4,5.5,3.79,8.12,1,5.71
8.32,0,94,0,2,2,6,4,5,1,7,7,7,4.6,7.0,2.07,8.32,1,4.07
5.36,1,82,0,0,1,4,5,3,1,4,2,4,3.4,3.0,0.34,4.86,0,0.0
6.89,0,80,1,4,2,7,5,6,4,5,7,4,5.4,5.5,4.83,6.89,1,7.94
6.35,1,85,1,3,1,2,2,4,3,6,2,7,3.4,4.5,3.79,5.85,1,3.0
6.13,2,77,0,3,0,3,6,3,2,3,6,6,3.4,6.0,2.07,5.13,0,0.0
6.91,0,70,1,1,0,5,4,4,3,5,5,9,4.2,7.0,2.07,6.91,1,3.05
6.11,1,60,0,0,0,3,2,3,1,3,3,2,2.4,2.5,0.0,5.61,0,0.0
7.0,1,70,0,2,0,8,4,5,2,4,5,7,4.6,6.0,1.38,6.5,1,3.65
6.84,0,79,1,0,2,3,4,3,3,5,3,4,3.6,3.5,2.07,6.84,1,3.0
7.7,0,78,0,1,1,3,7,7,4,6,6,6,5.4,6.0,1.03,7.7,1,6.36
7.6,3,58,2,3,0,4,5,5,4,5,5,6,4.6,5.5,4.83,6.1,0,0.0
6.78,1,81,1,3,4,6,8,6,3,6,1,5,5.8,3.0,4.83,6.28,1,5.12
6.7,2,76,1,2,4,5,6,2,3,3,4,6,3.8,5.0,4.14,5.7,1,3.51
6.47,1,78,0,2,1,3,2,4,5,3,5,6,3.4,5.5,1.72,5.97,0,0.0
8.56,0,96,0,4,4,5,8,7,6,6,5,4,6.4,4.5,4.14,8.56,1,12.79
6.49,2,80,3,1,1,8,6,5,4,6,5,7,5.8,6.0,5.17,5.49,1,5.05
6.41,1,65,0,3,0,4,3,4,1,3,6,6,3.0,6.0,2.07,5.91,0,0.0
5.9,2,61,0,0,1,4,7,4,4,3,4,5,4.4,4.5,0.34,4.9,0,0.0
6.02,2,77,0,1,0,6,4,3,4,2,5,6,3.8,5.5,0.69,5.02,0,0.0
8.64,0,82,0,6,2,7,9,9,5,8,8,7,7.6,7.5,4.83,8.64,1,8.01
6.48,0,79,0,3,0,5,6,5,2,5,2,5,4.6,3.5,2.07,6.48,0,0.0
7.02,3,86,0,1,1,3,5,3,4,4,7,5,3.8,6.0,1.03,5.52,0,0.0
6.12,1,61,1,0,0,5,5,2,3,4,5,7,3.8,6.0,1.38,5.62,0,0.0
6.59,1,77,0,5,0,3,5,5,4,5,4,4,4.4,4.0,3.45,6.09,0,0.0
7.99,0,94,3,1,3,6,5,7,7,6,5,5,6.2,5.0,5.86,7.99,1,8.49
9.32,0,98,1,3,4,10,8,7,7,10,6,6,8.4,6.0,4.83,9.32,1,10.23
5.26,3,56,0,1,0,3,4,3,2,3,5,5,3.0,5.0,0.69,3.76,0,0.0
7.33,1,68,1,4,1,3,6,8,5,4,6,6,5.2,6.0,4.48,6.83,1,6.63
6.49,0,60,0,2,0,5,5,4,4,6,5,5,4.8,5.0,1.38,6.49,1,3.0
5.82,5,79,1,3,2,5,4,7,2,4,5,4,4.4,4.5,4.14,3.32,0,0.0
9.15,0,85,2,3,3,8,8,6,5,6,7,7,6.6,7.0,5.86,9.15,1,11.03
7.43,2,55,0,2,5,7,6,5,4,7,5,7,5.8,6.0,3.1,6.43,1,5.6
8.69,0,80,1,2,0,8,9,5,7,8,7,4,7.4,5.5,2.76,8.69,1,8.79
7.09,0,86,2,6,0,5,6,4,3,6,6,5,4.8,5.5,6.9,7.09,1,4.93
6.93,0,80,0,0,1,4,5,3,3,4,6,6,3.8,6.0,0.34,6.93,0,0.0
7.08,1,78,1,2,1,3,3,4,4,6,5,7,4.0,6.0,3.1,6.58,0,0.0
5.61,2,69,1,3,0,4,5,5,2,5,2,7,4.2,4.5,3.45,4.61,1,3.07
8.28,0,74,2,4,1,8,7,6,6,7,4,6,6.8,5.0,5.86,8.28,1,10.63
7.11,0,78,1,1,0,4,5,5,2,5,5,7,4.2,6.0,2.07,7.11,1,3.0
7.37,0,82,0,1,1,4,6,7,4,6,7,5,5.4,6.0,1.03,7.37,1,3.37
8.3,0,88,2,5,4,7,7,8,5,5,5,2,6.4,3.5,7.59,8.3,1,8.37
6.65,0,79,0,0,0,4,3,4,4,3,4,8,3.6,6.0,0.0,6.65,0,0.0
7.65,0,76,0,0,2,5,6,5,2,7,3,6,5.0,4.5,0.69,7.65,1,3.15
7.16,0,85,2,3,1,4,4,3,4,4,3,6,3.8,4.5,5.17,7.16,1,4.11
6.04,0,70,0,2,0,4,5,4,3,5,3,5,4.2,4.0,1.38,6.04,0,0.0
6.67,0,68,2,0,0,4,5,5,5,6,6,5,5.0,5.5,2.76,6.67,1,4.92
6.4,1,82,1,3,1,2,5,4,4,5,4,5,4.0,4.5,3.79,5.9,0,0.0
6.95,0,82,0,4,1,5,5,4,1,3,4,4,3.6,4.0,3.1,6.95,1,3.0
7.46,1,84,2,0,1,5,6,5,3,6,5,5,5.0,5.0,3.1,6.96,1,4.48
7.11,0,69,3,3,0,5,6,4,3,7,6,6,5.0,6.0,6.21,7.11,1,5.66
7.5,1,97,2,2,3,5,6,8,5,6,6,4,6.0,5.0,5.17,7.0,1,7.77
5.62,0,82,0,1,0,3,5,4,1,2,1,2,3.0,1.5,0.69,5.62,0,0.0
6.54,2,75,0,1,0,4,5,3,2,4,4,5,3.6,4.5,0.69,5.54,0,0.0
8.94,0,79,1,3,4,8,8,5,9,6,7,8,7.2,7.5,4.83,8.94,1,7.2
6.87,0,87,0,0,2,4,4,1,3,3,6,4,3.0,5.0,0.69,6.87,1,3.0
7.24,1,69,1,0,0,5,6,8,6,5,5,5,6.0,5.0,1.38,6.74,1,4.5
6.39,0,92,0,0,0,3,2,3,2,3,5,2,2.6,3.5,0.0,6.39,0,0.0
8.17,0,78,1,2,4,9,9,8,3,6,4,5,7.0,4.5,4.14,8.17,1,7.6
7.29,1,96,0,2,1,6,5,5,5,6,7,4,5.4,5.5,1.72,6.79,1,4.75
8.05,0,78,0,3,3,4,5,5,5,6,8,7,5.0,7.5,3.1,8.05,1,3.86
9.83,0,100,3,3,3,9,7,8,8,8,7,5,8.0,6.0,7.24,9.83,1,11.45
7.47,1,67,3,1,0,5,6,5,4,2,5,7,4.4,6.0,4.83,6.97,0,0.0
6.54,1,77,0,1,1,2,5,5,3,5,6,5,4.0,5.5,1.03,6.04,1,3.0
7.3,0,85,1,2,1,2,6,3,3,7,4,6,4.2,5.0,3.1,7.3,1,3.0
6.95,0,81,0,1,2,4,3,3,4,5,3,7,3.8,5.0,1.38,6.95,1,3.0
8.23,0,96,0,2,3,7,9,7,6,7,7,6,7.2,6.5,2.41,8.23,1,7.53
6.75,1,73,0,2,1,4,6,3,3,4,3,7,4.0,5.0,1.72,6.25,1,3.0
6.77,0,77,1,2,2,5,5,3,4,5,5,7,4.4,6.0,3.45,6.77,1,4.23
8.02,0,90,2,2,1,5,7,6,5,7,7,8,6.0,7.5,4.48,8.02,1,7.11
5.99,0,64,0,1,0,2,4,4,4,4,2,4,3.6,3.0,0.69,5.99,0,0.0
8.45,0,83,0,2,2,6,6,8,6,5,6,5,6.2,5.5,2.07,8.45,1,4.81
7.49,0,80,1,4,2,5,5,5,4,6,6,6,5.0,6.0,4.83,7.49,1,4.73
7.87,0,80,3,2,0,6,7,6,4,6,8,7,5.8,7.5,5.52,7.87,1,10.89
7.45,0,77,1,4,2,4,5,2,3,5,7,3,3.8,5.0,4.83,7.45,1,3.69
8.71,0,78,1,1,1,4,8,7,9,5,8,7,6.6,7.5,2.41,8.71,1,7.21
7.38,3,81,0,2,1,2,8,4,4,5,7,2,4.6,4.5,1.72,5.88,1,4.63
6.42,1,80,1,2,1,5,5,4,4,5,5,7,4.6,6.0,3.1,5.92,1,4.27
7.56,1,77,0,2,2,4,5,6,2,6,6,6,4.6,6.0,2.07,7.06,0,0.0
7.66,0,91,0,4,4,3,6,6,3,6,5,5,4.8,5.0,4.14,7.66,1,3.54
6.17,1,82,1,2,1,5,5,3,3,2,3,6,3.6,4.5,3.1,5.67,0,0.0
6.14,1,76,0,0,1,5,4,4,4,4,4,5,4.2,4.5,0.34,5.64,0,0.0
5.81,3,66,0,0,0,3,3,3,1,5,4,5,3.0,4.5,0.0,4.31,0,0.0
7.11,0,70,0,0,0,3,6,5,1,2,4,4,3.4,4.0,0.0,7.11,0,0.0
6.18,0,89,0,0,0,3,3,4,2,2,4,5,2.8,4.5,0.0,6.18,0,0.0
6.96,0,65,1,1,1,1,5,6,5,5,5,4,4.4,4.5,2.41,6.96,1,3.0
7.98,0,78,1,0,1,7,7,5,6,7,7,6,6.4,6.5,1.72,7.98,1,6.68
7.14,0,82,1,2,0,7,7,6,5,6,5,8,6.2,6.5,2.76,7.14,1,6.96
5.43,0,77,0,2,0,6,4,2,2,5,3,4,3.8,3.5,1.38,5.43,0,0.0
5.8,0,66,1,4,2,4,4,6,1,2,6,6,3.4,6.0,4.83,5.8,1,3.0
6.54,1,72,0,1,3,4,7,7,2,4,7,4,4.8,5.5,1.72,6.04,0,0.0
8.54,0,78,0,5,3,9,8,9,5,8,7,10,7.8,8.5,4.48,8.54,1,11.01
5.0,1,68,0,2,1,4,4,3,2,3,3,5,3.2,4.0,1.72,4.5,0,0.0
6.68,1,90,2,4,3,6,7,6,3,6,5,4,5.6,4.5,6.55,6.18,1,6.96
8.3,0,83,1,3,4,7,8,7,6,7,7,8,7.0,7.5,4.83,8.3,1,7.56
7.31,1,75,2,3,5,6,6,6,4,5,4,5,5.4,4.5,6.55,6.81,1,5.77
6.99,2,78,1,2,1,4,5,5,3,5,4,7,4.4,5.5,3.1,5.99,1,3.9
6.8,1,82,0,4,3,5,7,2,5,3,5,7,4.4,6.0,3.79,6.3,1,3.42
7.68,0,72,1,1,2,4,4,3,2,3,6,8,3.2,7.0,2.76,7.68,1,3.0
7.63,0,84,0,0,2,8,6,8,6,5,6,6,6.6,6.0,0.69,7.63,1,7.52
5.97,0,64,1,0,1,4,5,4,3,4,4,5,4.0,4.5,1.72,5.97,1,3.0
7.24,0,84,0,3,1,2,6,5,3,6,5,3,4.4,4.0,2.41,7.24,1,3.08
6.16,1,78,0,3,2,4,6,4,4,4,4,4,4.4,4.0,2.76,5.66,0,0.0
7.2,0,82,0,6,1,7,7,6,4,8,6,5,6.4,5.5,4.48,7.2,1,7.07
6.47,0,69,0,1,1,4,7,4,5,6,6,5,5.2,5.5,1.03,6.47,1,3.41
7.16,1,69,0,1,0,3,5,4,4,4,2,4,4.0,3.0,0.69,6.66,0,0.0
6.46,1,60,0,2,0,5,5,1,1,4,7,6,3.2,6.5,1.38,5.96,1,3.0
5.93,0,69,0,2,2,3,4,5,1,6,8,4,3.8,6.0,2.07,5.93,0,0.0
6.02,0,79,1,3,0,4,6,5,2,3,5,5,4.0,5.0,3.45,6.02,0,0.0
6.99,2,72,0,3,4,4,5,4,5,4,4,5,4.4,4.5,3.45,5.99,0,0.0
5.04,4,60,1,1,2,3,4,3,2,5,6,4,3.4,5.0,2.76,3.04,0,0.0
7.51,0,75,2,3,1,7,7,8,5,7,6,5,6.8,5.5,5.17,7.51,1,8.54
6.56,0,73,0,1,1,4,4,3,3,5,4,5,3.8,4.5,1.03,6.56,0,0.0
7.53,0,74,2,2,0,5,6,6,2,6,4,8,5.0,6.0,4.14,7.53,1,6.1
6.91,1,73,0,0,0,3,5,8,3,3,3,3,4.4,3.0,0.0,6.41,0,0.0
7.31,0,78,0,1,2,5,5,5,5,3,5,5,4.6,5.0,1.38,7.31,1,4.1
7.56,0,92,0,1,1,4,6,5,5,5,7,6,5.0,6.5,1.03,7.56,1,7.96
9.41,0,100,1,3,2,5,7,8,5,8,7,7,6.6,7.0,4.14,9.41,1,8.08
8.28,0,74,2,4,1,8,7,8,5,9,7,4,7.4,5.5,5.86,8.28,1,14.96
7.36,1,76,0,3,3,8,7,5,3,7,6,6,6.0,6.0,3.1,6.86,1,4.95
7.74,0,84,2,4,0,6,6,3,3,6,7,4,4.8,5.5,5.52,7.74,1,7.79
5.15,1,70,0,0,1,3,5,3,4,5,4,2,4.0,3.0,0.34,4.65,0,0.0
7.16,0,87,0,5,1,4,5,6,4,3,8,4,4.4,6.0,3.79,7.16,1,3.32
7.82,0,79,1,2,2,7,9,6,6,7,5,7,7.0,6.0,3.45,7.82,1,9.83
7.64,0,95,0,5,2,7,6,8,6,5,7,5,6.4,6.0,4.14,7.64,1,6.49
6.83,0,87,1,2,3,6,6,7,4,7,9,4,6.0,6.5,3.79,6.83,1,5.92
7.12,1,87,3,6,1,7,5,7,3,5,7,6,5.4,6.5,8.62,6.62,1,8.14
8.04,0,79,0,3,3,8,8,6,6,8,7,6,7.2,6.5,3.1,8.04,1,7.62
6.05,0,80,0,2,1,3,4,2,2,4,6,5,3.0,5.5,1.72,6.05,0,0.0
5.0,4,72,0,0,1,2,4,3,3,4,5,3,3.2,4.0,0.34,3.0,0,0.0
6.39,1,64,0,1,1,5,6,3,3,5,5,6,4.4,5.5,1.03,5.89,0,0.0
6.38,1,93,1,2,0,4,6,3,4,5,5,6,4.4,5.5,2.76,5.88,0,0.0
7.77,0,88,1,6,1,6,5,8,5,7,4,5,6.2,4.5,5.86,7.77,1,6.11
6.89,3,74,0,1,1,6,8,6,5,6,6,4,6.2,5.0,1.03,5.39,1,5.49
5.76,0,86,0,0,1,2,2,1,1,3,2,5,1.8,3.5,0.34,5.76,0,0.0
6.7,0,73,0,1,1,4,5,4,5,5,6,5,4.6,5.5,1.03,6.7,0,0.0
5.56,1,78,0,0,1,1,2,3,1,4,4,3,2.2,3.5,0.34,5.06,0,0.0
6.97,0,82,0,1,2,4,5,3,2,3,3,5,3.4,4.0,1.38,6.97,0,0.0
6.71,1,63,0,1,0,5,4,2,3,6,6,7,4.0,6.5,0.69,6.21,0,0.0
6.54,2,73,0,2,0,5,3,5,3,5,3,5,4.2,4.0,1.38,5.54,0,0.0
8.02,0,79,2,3,1,7,7,4,5,5,4,6,5.6,5.0,5.17,8.02,1,5.73
8.11,0,81,1,2,1,6,5,3,5,6,5,6,5.0,5.5,3.1,8.11,1,3.75
7.26,0,87,2,3,1,7,5,4,7,7,6,3,6.0,4.5,5.17,7.26,1,6.74
6.09,2,80,0,0,2,3,4,3,2,3,3,4,3.0,3.5,0.69,5.09,0,0.0
6.32,3,82,0,3,4,5,8,5,4,6,8,5,5.6,6.5,3.45,4.82,1,6.36
6.88,1,68,1,1,2,5,4,4,3,1,3,4,3.4,3.5,2.76,6.38,0,0.0
6.93,0,79,1,1,1,6,5,6,3,4,10,3,4.8,6.5,2.41,6.93,1,5.57
8.44,1,71,1,3,2,5,7,7,7,7,5,4,6.6,4.5,4.14,7.94,1,7.45
7.15,0,93,0,2,1,3,2,2,5,3,9,2,3.0,5.5,1.72,7.15,1,3.0
7.46,0,66,2,0,1,6,9,7,6,7,7,6,7.0,6.5,3.1,7.46,1,7.34
7.08,0,76,0,2,2,3,3,6,1,5,5,4,3.6,4.5,2.07,7.08,1,3.0
7.6,2,75,3,4,2,6,7,7,4,7,7,8,6.2,7.5,7.59,6.6,1,9.63
5.24,0,69,1,1,0,3,4,3,2,1,4,4,2.6,4.0,2.07,5.24,0,0.0
6.02,2,74,0,0,2,5,4,6,2,3,5,5,4.0,5.0,0.69,5.02,0,0.0
7.85,0,75,0,3,1,8,6,6,5,7,5,8,6.4,6.5,2.41,7.85,1,7.11
6.07,1,86,2,1,1,5,7,5,5,6,6,2,5.6,4.0,3.79,5.57,1,4.94
7.87,0,81,2,3,4,6,3,6,6,3,6,7,4.8,6.5,6.21,7.87,1,7.03
7.5,1,75,1,4,1,8,4,5,4,5,4,6,5.2,5.0,4.48,7.0,1,6.98
7.02,2,73,0,1,1,3,3,3,1,2,5,6,2.4,5.5,1.03,6.02,0,0.0
7.45,0,86,1,2,0,6,5,6,3,6,6,4,5.2,5.0,2.76,7.45,1,5.51
6.77,1,84,2,1,0,4,7,7,4,4,4,5,5.2,4.5,3.45,6.27,1,4.32
5.69,0,66,0,2,1,2,2,4,2,6,4,3,3.2,3.5,1.72,5.69,0,0.0
7.11,0,71,1,2,1,5,6,4,1,3,5,3,3.8,4.0,3.1,7.11,1,3.35
5.92,4,79,0,4,1,5,6,4,5,7,7,9,5.4,8.0,3.1,3.92,0,0.0
6.82,2,81,0,4,0,6,4,5,2,7,5,5,4.8,5.0,2.76,5.82,0,0.0
6.17,2,71,0,2,0,4,2,5,1,4,6,6,3.2,6.0,1.38,5.17,0,0.0
5.92,1,82,0,1,0,6,4,2,2,4,7,6,3.6,6.5,0.69,5.42,0,0.0
6.58,0,71,0,1,2,4,4,8,5,5,7,3,5.2,5.0,1.38,6.58,0,0.0
6.52,0,86,2,0,1,6,5,4,5,3,5,4,4.6,4.5,3.1,6.52,1,5.83
5.88,0,82,1,1,1,5,4,2,1,3,4,5,3.0,4.5,2.41,5.88,0,0.0
6.71,0,69,0,3,1,3,6,5,2,4,6,6,4.0,6.0,2.41,6.71,0,0.0
7.06,1,76,1,0,4,4,5,4,5,4,5,6,4.4,5.5,2.76,6.56,0,0.0
7.64,1,77,0,4,0,8,6,6,5,6,7,9,6.2,8.0,2.76,7.14,1,6.48
7.52,0,82,1,1,2,8,8,4,7,6,5,7,6.6,6.0,2.76,7.52,1,6.04
6.79,0,76,1,2,0,6,6,4,4,5,4,6,5.0,5.0,2.76,6.79,1,3.86
6.8,3,69,1,1,0,4,6,2,5,5,4,6,4.4,5.0,2.07,5.3,0,0.0
6.55,3,69,0,2,2,5,8,5,4,6,4,8,5.6,6.0,2.07,5.05,1,4.01
6.46,1,79,2,1,1,4,4,3,3,3,4,4,3.4,4.0,3.79,5.96,1,3.12
5.78,2,76,0,4,0,3,4,3,5,4,3,2,3.8,2.5,2.76,4.78,0,0.0
7.03,0,79,0,2,0,4,6,3,3,5,6,4,4.2,5.0,1.38,7.03,1,3.65
6.98,1,78,0,1,2,4,2,5,3,4,4,3,3.6,3.5,1.38,6.48,0,0.0
6.52,1,70,0,1,0,4,4,4,1,2,3,3,3.0,3.0,0.69,6.02,0,0.0
6.59,1,78,0,0,1,7,5,6,2,5,5,6,5.0,5.5,0.34,6.09,1,3.18
7.3,1,99,0,3,1,7,7,7,3,5,8,5,5.8,6.5,2.41,6.8,1,6.27
5.0,4,77,0,0,0,2,1,1,1,3,2,5,1.6,3.5,0.0,3.0,0,0.0
6.6,0,74,0,2,0,4,7,5,2,6,3,6,4.8,4.5,1.38,6.6,1,3.84
7.42,1,74,1,1,0,5,4,5,2,5,3,6,4.2,4.5,2.07,6.92,1,3.32
7.93,0,56,1,0,0,7,5,7,1,7,4,4,5.4,4.0,1.38,7.93,1,5.88
6.84,1,90,1,2,3,7,6,5,4,6,5,5,5.6,5.0,3.79,6.34,1,5.49
5.39,2,77,0,2,0,3,5,4,2,4,7,2,3.6,4.5,1.38,4.39,0,0.0
5.83,0,69,0,1,0,2,1,2,1,5,6,5,2.2,5.5,0.69,5.83,0,0.0
6.53,0,58,0,0,0,3,6,2,1,4,3,7,3.2,5.0,0.0,6.53,1,3.0
6.7,0,67,1,1,1,7,8,5,5,6,8,6,6.2,7.0,2.41,6.7,1,5.6
5.0,3,76,0,0,0,3,2,3,3,3,3,4,2.8,3.5,0.0,3.5,0,0.0
7.33,0,76,0,1,1,5,7,4,6,5,5,5,5.4,5.0,1.03,7.33,0,0.0
7.19,0,87,1,6,3,6,8,6,6,8,6,6,6.8,6.0,6.55,7.19,1,7.96
6.93,1,81,0,2,2,9,8,5,4,5,7,7,6.2,7.0,2.07,6.43,1,4.36
7.49,0,87,0,3,0,5,7,6,4,5,6,6,5.4,6.0,2.07,7.49,1,4.93
6.6,2,79,1,2,0,3,7,3,4,6,7,6,4.6,6.5,2.76,5.6,1,4.37
7.15,1,88,0,3,0,6,4,6,4,6,6,7,5.2,6.5,2.07,6.65,1,3.76
5.68,0,59,1,0,0,3,4,3,2,5,6,6,3.4,6.0,1.38,5.68,0,0.0
5.54,0,63,0,1,1,3,1,3,1,1,1,4,1.8,2.5,1.03,5.54,0,0.0
7.29,2,71,1,1,1,6,4,5,2,4,2,6,4.2,4.0,2.41,6.29,0,0.0
5.85,2,83,1,0,1,2,7,6,1,4,2,4,4.0,3.0,1.72,4.85,0,0.0
6.93,0,95,1,3,0,4,6,5,3,5,5,6,4.6,5.5,3.45,6.93,1,3.75
6.9,0,83,1,3,1,4,7,4,6,4,4,4,5.0,4.0,3.79,6.9,1,5.41
6.89,3,73,0,1,2,5,5,3,4,5,6,5,4.4,5.5,1.38,5.39,0,0.0
7.04,1,60,0,0,0,5,5,4,4,6,4,7,4.8,5.5,0.0,6.54,0,0.0
6.74,0,81,0,1,0,3,3,2,2,3,5,2,2.6,3.5,0.69,6.74,0,0.0
7.12,0,75,0,0,1,6,5,8,4,7,5,3,6.0,4.0,0.34,7.12,1,5.61
6.53,2,95,1,1,1,3,4,4,5,6,6,5,4.4,5.5,2.41,5.53,1,3.29
7.27,0,74,2,5,1,5,3,5,3,8,3,7,4.8,5.0,6.55,7.27,1,4.14
7.34,0,98,2,1,2,4,6,6,5,6,6,6,5.4,6.0,4.14,7.34,1,6.58
7.73,0,87,2,1,1,7,8,6,8,6,7,5,7.0,6.0,3.79,7.73,1,5.02
6.82,0,69,0,1,2,4,4,5,3,4,5,6,4.0,5.5,1.38,6.82,1,3.0
7.57,0,83,0,3,1,4,6,6,4,8,5,8,5.6,6.5,2.41,7.57,1,3.95
7.69,0,86,2,4,5,7,7,6,6,8,4,5,6.8,4.5,7.24,7.69,1,8.89
7.97,1,76,1,1,0,7,7,6,5,6,7,5,6.2,6.0,2.07,7.47,1,7.18
6.67,0,90,1,4,1,4,4,4,4,7,5,5,4.6,5.0,4.48,6.67,1,3.98
7.04,0,84,1,1,4,4,4,3,5,6,5,5,4.4,5.0,3.45,7.04,1,3.57
7.51,1,86,1,5,1,8,8,7,3,5,10,8,6.2,9.0,5.17,7.01,1,7.94
6.56,0,70,0,1,0,4,5,3,3,5,4,6,4.0,5.0,0.69,6.56,1,3.0
7.49,0,73,0,0,5,5,8,4,4,6,5,6,5.4,5.5,1.72,7.49,1,4.99
7.6,0,83,2,6,3,5,8,5,5,5,5,5,5.6,5.0,7.93,7.6,1,7.72
6.43,1,78,0,2,1,4,8,3,4,5,6,3,4.8,4.5,1.72,5.93,1,3.33
6.12,0,63,2,2,5,6,6,4,4,6,5,8,5.2,6.5,5.86,6.12,1,5.23
6.45,1,80,1,5,2,5,8,7,4,4,6,6,5.6,6.0,5.52,5.95,1,5.9
6.75,1,75,1,1,0,6,4,5,4,4,6,5,4.6,5.5,2.07,6.25,1,3.86
7.25,1,70,0,2,2,5,9,7,5,5,6,6,6.2,6.0,2.07,6.75,1,6.06
7.12,0,73,1,0,1,2,5,4,3,5,6,5,3.8,5.5,1.72,7.12,1,3.0
7.48,0,75,1,2,3,5,6,6,4,5,5,4,5.2,4.5,3.79,7.48,1,6.45
9.42,1,100,3,3,3,10,10,9,7,7,6,6,8.6,6.0,7.24,8.92,1,13.47
6.03,3,81,0,0,1,4,3,6,3,3,3,4,3.8,3.5,0.34,4.53,0,0.0
7.57,0,85,0,2,1,4,4,3,2,4,5,5,3.4,5.0,1.72,7.57,1,3.0
5.95,3,73,0,2,0,3,4,4,4,2,5,5,3.4,5.0,1.38,4.45,0,0.0
7.14,1,61,1,2,0,6,6,4,4,6,7,8,5.2,7.5,2.76,6.64,1,5.4
6.71,0,85,1,1,3,5,9,7,4,7,7,5,6.4,6.0,3.1,6.71,1,5.93
7.94,0,72,0,0,2,3,4,5,4,4,8,5,4.0,6.5,0.69,7.94,1,3.0
8.13,0,79,3,4,3,6,9,8,5,5,5,7,6.6,6.0,7.93,8.13,1,10.58
7.0,2,72,1,6,1,6,6,4,6,6,6,4,5.6,5.0,5.86,6.0,1,6.74
7.71,0,80,1,2,2,7,6,5,6,4,5,7,5.6,6.0,3.45,7.71,1,8.29
5.92,2,87,0,2,0,3,4,1,2,3,6,3,2.6,4.5,1.38,4.92,0,0.0
7.9,0,86,0,2,1,6,6,7,6,6,5,7,6.2,6.0,1.72,7.9,1,6.86
6.93,2,90,2,3,1,5,6,5,4,6,7,6,5.2,6.5,5.17,5.93,1,7.45
7.13,0,89,2,5,1,4,5,6,3,6,4,6,4.8,5.0,6.55,7.13,1,5.79
6.62,1,64,0,4,1,4,3,5,4,4,6,6,4.0,6.0,3.1,6.12,1,3.0
6.01,1,64,0,2,0,4,4,1,1,4,6,6,2.8,6.0,1.38,5.51,0,0.0
6.98,0,65,0,3,3,4,6,3,1,7,3,8,4.2,5.5,3.1,6.98,1,3.0
6.3,1,81,1,2,1,5,4,5,5,2,3,6,4.2,4.5,3.1,5.8,0,0.0
6.92,0,69,0,3,1,3,6,5,4,5,5,5,4.6,5.0,2.41,6.92,0,0.0
7.49,0,73,2,3,0,4,8,3,5,4,6,5,4.8,5.5,4.83,7.49,1,6.44
6.02,2,78,0,3,0,4,7,4,5,6,5,5,5.2,5.0,2.07,5.02,0,0.0
7.84,0,83,0,2,3,8,7,5,5,7,5,8,6.4,6.5,2.41,7.84,1,5.79
7.08,0,63,0,3,3,2,3,3,3,5,4,6,3.2,5.0,3.1,7.08,1,3.0
7.3,0,69,0,1,1,4,6,4,5,4,6,4,4.6,5.0,1.03,7.3,0,0.0
6.2,0,76,0,0,1,3,5,4,1,4,5,5,3.4,5.0,0.34,6.2,0,0.0
8.27,2,100,0,4,2,10,8,7,7,9,8,7,8.2,7.5,3.45,7.27,1,8.77
5.11,2,75,0,0,0,5,3,1,2,1,3,5,2.4,4.0,0.0,4.11,0,0.0
6.82,1,70,1,1,3,5,6,5,5,6,5,6,5.4,5.5,3.1,6.32,0,0.0
6.08,0,63,1,3,1,5,7,4,3,5,7,5,4.8,6.0,3.79,6.08,1,5.05
6.49,2,79,1,1,0,3,4,2,2,2,6,4,2.6,5.0,2.07,5.49,0,0.0
6.55,2,71,1,0,0,5,7,5,2,6,4,6,5.0,5.0,1.38,5.55,1,4.78
8.47,1,78,1,2,2,8,9,7,6,8,6,5,7.6,5.5,3.45,7.97,1,7.68
6.36,0,63,0,0,1,3,5,5,6,6,6,5,5.0,5.5,0.34,6.36,0,0.0
5.16,3,58,0,2,0,3,5,3,1,2,2,4,2.8,3.0,1.38,3.66,0,0.0
6.94,0,69,1,1,2,5,4,4,3,4,7,4,4.0,5.5,2.76,6.94,1,3.66
8.09,0,83,1,3,4,6,8,7,4,8,7,8,6.6,7.5,4.83,8.09,1,7.89
7.07,1,70,2,2,3,6,6,7,8,2,5,6,5.8,5.5,5.17,6.57,1,6.77
5.93,2,75,1,0,2,2,3,6,2,4,5,2,3.4,3.5,2.07,4.93,0,0.0
6.84,0,74,1,1,1,4,6,4,2,4,7,5,4.0,6.0,2.41,6.84,1,3.26
6.42,2,93,0,3,0,5,4,2,2,1,1,4,2.8,2.5,2.07,5.42,0,0.0
7.18,0,66,2,5,4,5,6,4,3,6,7,8,4.8,7.5,7.59,7.18,1,6.79
6.06,2,81,0,4,1,3,4,5,4,4,7,3,4.0,5.0,3.1,5.06,0,0.0
8.38,0,85,2,3,0,5,7,6,4,7,6,9,5.8,7.5,4.83,8.38,1,6.1
6.32,2,70,1,4,2,6,7,8,6,6,6,7,6.6,6.5,4.83,5.32,1,6.49
9.25,0,79,2,2,0,7,7,10,6,6,6,7,7.2,6.5,4.14,9.25,1,9.2
7.05,1,80,0,1,0,3,3,3,1,3,5,4,2.6,4.5,0.69,6.55,1,3.0
5.73,2,78,1,0,0,5,5,3,2,6,5,5,4.2,5.0,1.38,4.73,0,0.0
7.81,1,87,0,1,1,3,6,7,4,6,5,7,5.2,6.0,1.03,7.31,0,0.0
7.41,0,61,1,2,5,6,5,9,5,4,6,5,5.8,5.5,4.48,7.41,1,5.33
6.47,1,71,0,3,1,4,5,3,2,5,6,5,3.8,5.5,2.41,5.97,0,0.0
6.61,0,86,0,5,1,4,4,7,2,4,8,4,4.2,6.0,3.79,6.61,1,3.67
7.1,0,82,0,0,1,6,4,2,4,5,4,6,4.2,5.0,0.34,7.1,1,3.0
7.11,1,82,0,6,0,3,10,3,4,5,5,6,5.0,5.5,4.14,6.61,1,6.24
6.21,0,88,0,1,3,3,8,5,4,4,5,4,4.8,4.5,1.72,6.21,0,0.0
7.17,2,66,0,1,1,6,6,7,5,5,5,5,5.8,5.0,1.03,6.17,0,0.0
6.32,3,78,0,0,1,3,5,4,2,6,3,3,4.0,3.0,0.34,4.82,0,0.0
6.52,1,86,1,3,3,5,7,6,4,6,3,6,5.6,4.5,4.48,6.02,1,5.14
6.27,2,69,1,4,0,5,5,6,4,7,7,4,5.4,5.5,4.14,5.27,1,4.73
7.52,0,97,0,3,1,4,5,5,4,6,5,6,4.8,5.5,2.41,7.52,1,4.19
5.39,2,75,0,1,1,2,3,2,2,2,4,4,2.2,4.0,1.03,4.39,0,0.0
7.75,1,63,0,2,2,6,8,5,7,5,5,6,6.2,5.5,2.07,7.25,0,0.0
7.16,2,82,1,4,2,6,8,7,4,5,6,7,6.0,6.5,4.83,6.16,1,5.97
6.14,0,64,0,1,0,3,5,3,1,3,2,5,3.0,3.5,0.69,6.14,1,3.0
7.45,2,86,1,1,0,5,5,5,4,2,5,4,4.2,4.5,2.07,6.45,1,4.28
6.6,1,85,1,2,2,4,8,4,3,5,6,6,4.8,6.0,3.45,6.1,0,0.0
5.55,0,71,0,0,1,4,4,5,2,5,4,1,4.0,2.5,0.34,5.55,0,0.0
5.51,1,83,0,1,0,4,6,2,3,2,3,6,3.4,4.5,0.69,5.01,0,0.0
8.37,0,95,3,6,2,8,8,8,7,7,7,7,7.6,7.0,8.97,8.37,1,10.69
6.41,1,70,1,5,1,4,3,4,2,5,6,6,3.6,6.0,5.17,5.91,1,3.49
6.7,2,77,1,6,3,6,9,6,6,8,6,8,7.0,7.0,6.55,5.7,1,6.11
7.15,0,84,3,4,3,4,6,6,6,4,3,5,5.2,4.0,7.93,7.15,1,6.27
6.52,0,73,0,2,4,4,6,4,4,5,6,5,4.6,5.5,2.76,6.52,1,3.21
7.43,1,74,3,3,2,4,4,5,3,4,6,6,4.0,6.0,6.9,6.93,1,5.67
9.16,0,89,1,5,2,8,7,8,4,8,7,5,7.0,6.0,5.52,9.16,1,17.81
6.8,0,72,0,2,0,4,5,4,7,5,8,5,5.0,6.5,1.38,6.8,1,3.51
6.37,0,61,0,1,1,4,5,2,2,4,5,4,3.4,4.5,1.03,6.37,1,3.0
5.59,0,79,0,2,0,4,4,6,1,7,6,3,4.4,4.5,1.38,5.59,1,3.0
6.64,1,58,0,1,1,6,2,4,3,4,5,4,3.8,4.5,1.03,6.14,0,0.0
6.26,1,72,1,1,2,6,7,4,5,3,7,6,5.0,6.5,2.76,5.76,0,0.0
6.49,1,60,1,0,2,6,5,3,5,6,5,7,5.0,6.0,2.07,5.99,1,3.0
6.61,2,65,1,3,0,6,7,6,3,6,4,5,5.6,4.5,3.45,5.61,1,6.63
7.94,0,78,2,1,5,5,6,7,5,7,7,7,6.0,7.0,5.17,7.94,1,6.16
5.01,0,66,0,1,0,3,2,3,1,1,4,3,2.0,3.5,0.69,5.01,0,0.0
7.71,1,78,0,2,0,6,7,5,5,4,7,3,5.4,5.0,1.38,7.21,1,5.29
5.58,2,62,0,2,0,3,5,4,3,2,5,3,3.4,4.0,1.38,4.58,1,3.0
6.93,0,67,0,1,0,1,3,2,2,3,2,6,2.2,4.0,0.69,6.93,1,3.0
6.6,1,82,0,3,0,5,7,6,5,5,6,7,5.6,6.5,2.07,6.1,1,5.04
6.82,3,84,1,2,2,2,6,4,2,4,5,3,3.6,4.0,3.45,5.32,0,0.0
7.07,1,89,0,1,2,6,7,7,6,8,8,7,6.8,7.5,1.38,6.57,1,6.61
8.25,0,87,1,4,0,6,6,5,6,8,8,5,6.2,6.5,4.14,8.25,1,6.14
6.44,0,75,0,4,2,4,4,7,3,6,6,4,4.8,5.0,3.45,6.44,1,3.0
7.28,3,66,2,0,0,4,6,8,4,5,3,6,5.4,4.5,2.76,5.78,0,0.0
8.45,0,78,1,0,3,8,7,6,6,6,5,6,6.6,5.5,2.41,8.45,1,7.04
7.53,1,77,1,2,1,5,7,5,3,5,5,4,5.0,4.5,3.1,7.03,1,3.93
7.2,1,72,1,5,1,6,6,3,7,5,5,5,5.4,5.0,5.17,6.7,0,0.0
5.29,1,67,0,1,2,5,2,3,3,3,5,5,3.2,5.0,1.38,4.79,0,0.0
7.71,2,82,2,1,1,6,9,3,6,7,8,4,6.2,6.0,3.79,6.71,1,7.61
6.49,1,96,0,2,0,6,5,4,3,7,6,6,5.0,6.0,1.38,5.99,0,0.0
5.76,1,71,1,1,0,4,5,3,2,4,3,6,3.6,4.5,2.07,5.26,0,0.0
6.93,1,82,1,2,3,6,6,8,5,7,5,5,6.4,5.0,3.79,6.43,1,6.09
6.74,0,71,0,2,2,5,5,7,4,6,4,5,5.4,4.5,2.07,6.74,1,3.42
6.9,2,89,1,3,1,6,7,7,2,5,5,4,5.4,4.5,3.79,5.9,1,5.84
6.98,0,90,0,3,3,10,6,8,6,8,8,9,7.6,8.5,3.1,6.98,1,8.42
5.92,3,81,0,0,0,5,4,3,3,2,6,6,3.4,6.0,0.0,4.42,0,0.0
8.98,0,98,3,2,3,8,8,8,3,6,6,6,6.6,6.0,6.55,8.98,1,8.49
6.75,2,76,1,0,1,5,3,4,2,5,5,6,3.8,5.5,1.72,5.75,1,3.0
7.22,2,86,3,3,3,8,5,6,7,5,9,5,6.2,7.0,7.24,6.22,1,11.57
7.29,2,78,0,5,3,6,8,7,5,7,3,7,6.6,5.0,4.48,6.29,1,7.99
7.81,0,83,1,3,2,6,10,6,3,4,6,5,5.8,5.5,4.14,7.81,1,4.93
6.04,1,60,1,2,2,5,6,6,5,7,6,3,5.8,4.5,3.45,5.54,1,5.72
7.02,0,83,2,3,1,3,6,2,2,4,5,4,3.4,4.5,5.17,7.02,1,3.65
7.11,1,79,2,5,1,7,5,7,5,8,6,5,6.4,5.5,6.55,6.61,1,10.13
7.77,1,85,1,5,2,5,7,6,2,4,6,6,4.8,6.0,5.52,7.27,1,5.25
6.43,0,83,1,1,0,6,6,6,5,5,5,7,5.6,6.0,2.07,6.43,1,4.1
7.74,0,69,0,2,1,6,8,5,6,7,5,6,6.4,5.5,1.72,7.74,1,5.95
7.14,2,83,0,1,1,7,7,4,4,6,5,4,5.6,4.5,1.03,6.14,1,4.65
6.4,1,76,1,1,3,4,5,2,4,4,7,4,3.8,5.5,3.1,5.9,1,3.0
5.73,3,83,1,1,1,4,6,5,3,4,5,7,4.4,6.0,2.41,4.23,0,0.0
7.31,1,87,0,5,2,5,7,5,6,5,6,6,5.6,6.0,4.14,6.81,1,6.75
8.16,0,94,1,2,1,6,7,6,5,9,7,8,6.6,7.5,3.1,8.16,1,6.19
7.0,0,82,2,3,0,6,5,6,4,2,4,7,4.6,5.5,4.83,7.0,1,7.14
7.44,0,80,0,4,2,5,5,3,5,4,5,5,4.4,5.0,3.45,7.44,1,3.38
6.11,0,85,0,3,1,5,4,4,3,6,6,6,4.4,6.0,2.41,6.11,1,3.0
6.77,1,97,1,1,1,5,8,8,5,7,5,5,6.6,5.0,2.41,6.27,1,8.5
6.05,3,84,2,1,0,4,5,4,3,4,3,7,4.0,5.0,3.45,4.55,0,0.0
8.52,0,80,1,2,2,5,6,6,4,4,5,8,5.0,6.5,3.45,8.52,1,5.13
6.65,0,78,1,2,0,5,6,4,4,6,7,3,5.0,5.0,2.76,6.65,1,4.87
6.6,1,77,0,0,0,2,5,4,1,2,3,5,2.8,4.0,0.0,6.1,0,0.0
7.8,1,80,0,2,1,7,5,3,4,5,6,5,4.8,5.5,1.72,7.3,1,5.0
6.61,2,94,1,1,1,4,6,4,2,4,3,4,4.0,3.5,2.41,5.61,0,0.0
6.51,2,72,2,1,0,5,5,5,4,3,7,4,4.4,5.5,3.45,5.51,0,0.0
7.7,2,90,1,6,0,5,7,5,5,7,5,7,5.8,6.0,5.52,6.7,1,6.18
6.46,0,74,0,1,0,4,5,4,4,4,4,4,4.2,4.0,0.69,6.46,0,0.0
7.88,0,72,2,2,3,9,8,8,5,6,6,5,7.2,5.5,5.17,7.88,1,8.25
6.73,1,75,0,1,1,3,2,5,2,3,8,4,3.0,6.0,1.03,6.23,1,3.0
6.36,1,78,1,1,0,4,3,6,1,6,5,5,4.0,5.0,2.07,5.86,0,0.0
6.29,3,83,1,4,0,3,6,4,4,4,5,6,4.2,5.5,4.14,4.79,0,0.0
6.35,0,72,0,0,0,4,7,4,3,4,1,6,4.4,3.5,0.0,6.35,1,3.0
7.5,1,68,1,3,0,5,6,6,4,5,7,7,5.2,7.0,3.45,7.0,1,4.69
7.98,0,95,2,0,1,5,6,6,5,4,5,7,5.2,6.0,3.1,7.98,1,5.27
7.45,1,82,0,3,1,4,6,7,4,6,4,7,5.4,5.5,2.41,6.95,1,3.94
8.32,0,97,2,4,1,9,8,9,7,9,6,9,8.4,7.5,5.86,8.32,1,10.51
7.6,1,86,2,2,1,3,7,4,5,7,8,6,5.2,7.0,4.48,7.1,1,5.73
7.71,0,78,1,1,1,5,5,6,6,2,5,9,4.8,7.0,2.41,7.71,1,5.36
6.71,1,84,1,2,0,4,6,3,3,1,3,6,3.4,4.5,2.76,6.21,1,3.46
6.6,1,76,1,1,1,5,5,5,5,6,5,5,5.2,5.0,2.41,6.1,1,3.64
6.27,2,76,0,0,0,3,6,4,3,3,4,4,3.8,4.0,0.0,5.27,1,3.0
7.21,1,80,0,2,3,3,3,6,3,3,6,5,3.6,5.5,2.41,6.71,1,3.0
5.89,0,62,0,1,0,3,4,5,2,4,4,6,3.6,5.0,0.69,5.89,0,0.0
6.44,0,76,1,2,0,5,6,4,3,4,3,4,4.4,3.5,2.76,6.44,0,0.0
6.84,0,72,1,0,1,3,3,3,2,2,4,6,2.6,5.0,1.72,6.84,1,3.0
7.67,3,78,0,2,3,7,7,4,6,6,6,6,6.0,6.0,2.41,6.17,0,0.0
7.59,2,86,0,2,4,5,6,4,4,6,4,5,5.0,4.5,2.76,6.59,0,0.0
8.21,0,90,1,2,1,8,9,7,6,8,4,8,7.6,6.0,3.1,8.21,1,6.88
6.56,2,67,0,0,1,4,5,4,2,4,5,4,3.8,4.5,0.34,5.56,0,0.0
7.76,0,74,1,2,1,4,5,4,2,5,4,6,4.0,5.0,3.1,7.76,1,3.64
6.23,0,72,0,1,1,3,6,3,4,2,5,3,3.6,4.0,1.03,6.23,1,3.0
8.62,0,80,1,5,4,9,7,8,6,8,8,8,7.6,8.0,6.21,8.62,1,9.1
7.32,1,75,2,6,3,5,6,6,4,7,3,7,5.6,5.0,7.93,6.82,1,5.51
7.63,2,77,0,2,2,6,4,2,4,5,5,6,4.2,5.5,2.07,6.63,0,0.0
5.9,3,83,1,1,0,4,5,6,4,3,6,5,4.4,5.5,2.07,4.4,0,0.0
7.03,1,80,1,2,0,4,6,6,3,4,5,6,4.6,5.5,2.76,6.53,0,0.0
5.48,0,65,0,2,0,4,6,3,3,3,3,5,3.8,4.0,1.38,5.48,0,0.0
8.51,0,88,0,1,0,7,7,6,5,7,5,6,6.4,5.5,0.69,8.51,1,7.69
8.57,0,93,1,5,0,8,7,7,8,9,6,6,7.8,6.0,4.83,8.57,1,9.33
6.29,1,62,0,1,1,3,4,1,2,5,2,3,3.0,2.5,1.03,5.79,0,0.0
5.0,3,86,0,0,2,5,1,6,2,1,5,5,3.0,5.0,0.69,3.5,0,0.0
6.94,2,79,1,2,1,2,4,5,2,3,5,3,3.2,4.0,3.1,5.94,0,0.0
7.18,1,76,2,3,3,4,3,6,5,6,4,8,4.8,6.0,5.86,6.68,0,0.0
7.8,1,88,3,2,3,7,8,7,6,9,8,6,7.4,7.0,6.55,7.3,1,9.42
6.68,0,75,1,2,1,7,6,7,6,4,5,8,6.0,6.5,3.1,6.68,1,5.82
5.36,0,77,0,1,0,4,3,1,1,3,6,5,2.4,5.5,0.69,5.36,1,3.0
6.44,1,78,0,0,0,3,5,5,5,4,5,7,4.4,6.0,0.0,5.94,0,0.0
7.52,1,78,2,1,5,6,6,7,5,7,5,6,6.2,5.5,5.17,7.02,1,5.51
6.08,0,59,0,2,0,1,4,2,1,2,3,3,2.0,3.0,1.38,6.08,0,0.0
6.33,1,76,0,1,0,4,3,5,3,4,4,5,3.8,4.5,0.69,5.83,0,0.0
7.11,0,73,0,3,0,6,6,5,1,3,3,5,4.2,4.0,2.07,7.11,1,4.46
6.81,0,88,1,1,3,7,5,6,4,4,6,5,5.2,5.5,3.1,6.81,0,0.0
5.76,3,80,0,1,0,4,2,2,2,7,4,2,3.4,3.0,0.69,4.26,0,0.0
7.87,0,78,0,2,1,5,7,6,4,5,5,5,5.4,5.0,1.72,7.87,1,6.71
6.52,1,84,0,4,2,4,7,7,3,7,5,1,5.6,3.0,3.45,6.02,1,4.83
6.89,0,77,0,1,1,5,4,5,3,6,6,5,4.6,5.5,1.03,6.89,1,3.23
6.33,3,83,2,4,1,9,6,6,5,4,5,6,6.0,5.5,5.86,4.83,1,6.22
7.39,0,77,0,2,0,3,5,5,3,5,5,4,4.2,4.5,1.38,7.39,1,3.0
6.6,0,89,0,1,2,7,4,3,7,3,6,5,4.8,5.5,1.38,6.6,1,3.06
8.16,1,78,1,5,3,7,6,6,5,6,4,6,6.0,5.0,5.86,7.66,1,10.01
6.51,2,72,0,0,0,5,5,4,1,2,5,6,3.4,5.5,0.0,5.51,0,0.0
6.84,1,66,1,2,0,4,7,2,1,2,6,6,3.2,6.0,2.76,6.34,1,3.13
7.4,0,85,1,5,1,7,5,6,5,4,7,6,5.4,6.5,5.17,7.4,1,6.06
5.43,2,70,0,2,1,3,5,2,1,2,3,4,2.6,3.5,1.72,4.43,0,0.0
7.96,0,77,0,0,2,5,7,7,3,6,4,6,5.6,5.0,0.69,7.96,1,4.93
7.25,1,81,0,4,4,7,5,6,4,5,6,8,5.4,7.0,4.14,6.75,1,5.37
7.52,0,81,1,1,1,7,6,8,5,5,5,6,6.2,5.5,2.41,7.52,1,6.3
6.76,1,60,1,3,1,4,4,4,4,5,4,6,4.2,5.0,3.79,6.26,1,3.77
5.91,0,59,0,0,1,1,6,6,1,4,4,5,3.6,4.5,0.34,5.91,0,0.0
5.4,0,79,0,0,2,3,5,3,2,3,5,4,3.2,4.5,0.69,5.4,0,0.0
7.23,1,62,0,3,2,5,6,5,1,6,2,5,4.6,3.5,2.76,6.73,0,0.0
6.53,1,85,2,2,1,5,7,7,3,3,6,6,5.0,6.0,4.48,6.03,1,5.07
7.23,1,91,3,2,4,5,5,4,5,6,7,6,5.0,6.5,6.9,6.73,1,6.56
6.68,0,76,0,2,1,6,6,5,3,3,4,5,4.6,4.5,1.72,6.68,1,3.75
7.38,1,91,2,2,0,3,7,7,6,8,6,7,6.2,6.5,4.14,6.88,1,4.18
7.46,0,77,0,1,0,6,7,6,2,6,8,4,5.4,6.0,0.69,7.46,1,6.19
7.12,0,88,2,0,1,5,7,5,3,5,5,5,5.0,5.0,3.1,7.12,1,6.32
7.42,1,84,2,4,1,10,9,7,7,8,7,5,8.2,6.0,5.86,6.92,1,8.91
5.25,0,53,0,0,0,2,2,3,2,2,6,3,2.2,4.5,0.0,5.25,0,0.0
7.07,0,78,0,0,1,6,6,6,5,5,9,6,5.6,7.5,0.34,7.07,1,5.72
8.58,0,90,0,2,3,5,6,6,4,4,4,5,5.0,4.5,2.41,8.58,1,5.28
8.02,0,85,1,0,0,6,7,6,3,8,5,8,6.0,6.5,1.38,8.02,1,6.27
6.24,1,70,0,3,2,5,4,4,1,3,6,5,3.4,5.5,2.76,5.74,0,0.0
7.92,0,81,1,5,1,4,5,7,7,4,6,5,5.4,5.5,5.17,7.92,1,6.32
6.93,0,89,1,0,1,6,7,6,4,7,7,4,6.0,5.5,1.72,6.93,1,4.73
6.95,1,79,1,2,1,8,7,8,4,7,3,6,6.8,4.5,3.1,6.45,1,6.23
6.36,0,99,2,2,0,5,5,4,4,4,2,4,4.4,3.0,4.14,6.36,1,4.83
5.62,1,66,0,0,1,3,6,2,1,2,7,4,2.8,5.5,0.34,5.12,0,0.0
7.96,0,93,0,5,2,7,7,7,8,8,8,10,7.4,9.0,4.14,7.96,1,8.39
6.79,0,80,0,2,4,5,5,3,6,5,5,3,4.8,4.0,2.76,6.79,1,3.11
7.14,1,77,1,1,3,6,6,6,4,5,4,5,5.4,4.5,3.1,6.64,1,5.82
7.03,2,78,0,4,2,5,5,6,5,6,6,6,5.4,6.0,3.45,6.03,1,3.97
7.78,0,89,2,4,0,6,5,6,3,5,7,6,5.0,6.5,5.52,7.78,1,8.5
6.81,1,76,1,2,2,4,5,6,4,5,3,3,4.8,3.0,3.45,6.31,0,0.0
7.37,2,82,1,2,1,6,3,7,1,5,5,6,4.4,5.5,3.1,6.37,0,0.0
6.42,2,62,1,2,0,4,7,5,2,3,5,5,4.2,5.0,2.76,5.42,1,3.77
8.74,0,87,1,6,0,5,7,8,5,8,7,8,6.6,7.5,5.52,8.74,1,8.5
6.24,3,78,0,0,0,5,4,4,3,3,4,5,3.8,4.5,0.0,4.74,0,0.0
6.86,1,71,0,2,0,3,5,1,1,1,5,6,2.2,5.5,1.38,6.36,1,3.0
6.95,1,84,3,0,2,8,6,4,4,7,7,3,5.8,5.0,4.83,6.45,0,0.0
7.96,0,76,2,1,2,4,7,6,3,4,3,6,4.8,4.5,4.14,7.96,1,6.24
5.78,1,69,0,0,2,3,3,4,2,3,7,7,3.0,7.0,0.69,5.28,0,0.0
5.75,0,72,0,1,1,3,4,3,1,2,6,6,2.6,6.0,1.03,5.75,0,0.0
6.0,1,73,0,4,0,3,5,5,1,2,5,2,3.2,3.5,2.76,5.5,0,0.0
6.61,0,92,0,2,0,2,4,7,4,7,5,5,4.8,5.0,1.38,6.61,0,0.0
5.0,0,75,0,1,0,1,3,1,1,2,4,3,1.6,3.5,0.69,5.0,0,0.0
5.32,3,68,2,2,1,5,3,7,4,5,6,5,4.8,5.5,4.48,3.82,1,3.56
8.25,0,98,2,2,3,5,8,4,5,7,6,9,5.8,7.5,5.17,8.25,1,9.28
7.11,0,74,1,2,0,3,4,6,4,3,7,6,4.0,6.5,2.76,7.11,1,3.31
7.76,1,76,1,1,1,6,5,4,3,6,2,3,4.8,2.5,2.41,7.26,1,4.27
6.81,0,85,0,3,1,8,5,4,3,5,4,4,5.0,4.0,2.41,6.81,1,5.13
6.38,1,57,0,4,1,4,4,4,4,5,5,6,4.2,5.5,3.1,5.88,0,0.0
6.81,1,73,1,1,0,3,4,4,3,4,5,5,3.6,5.0,2.07,6.31,0,0.0
6.3,4,70,0,0,3,4,5,6,2,4,5,5,4.2,5.0,1.03,4.3,0,0.0
6.63,2,81,0,2,1,3,7,5,6,5,4,5,5.2,4.5,1.72,5.63,1,3.41
8.45,0,83,1,3,1,4,5,5,6,7,5,6,5.4,5.5,3.79,8.45,1,6.32
8.26,0,79,1,0,1,6,6,3,3,4,7,5,4.4,6.0,1.72,8.26,1,4.66
6.85,0,83,0,1,3,4,6,4,5,8,4,4,5.4,4.0,1.72,6.85,1,3.0
7.56,1,89,0,2,3,6,6,5,3,6,6,7,5.2,6.5,2.41,7.06,1,4.67
5.69,2,79,0,1,2,2,3,3,3,4,4,5,3.0,4.5,1.38,4.69,0,0.0
8.65,0,81,2,5,1,6,7,6,4,6,6,6,5.8,6.0,6.55,8.65,1,10.03
7.58,0,79,1,0,2,7,6,4,4,6,6,8,5.4,7.0,2.07,7.58,1,4.46
6.4,0,85,2,0,0,3,4,5,3,3,4,7,3.6,5.5,2.76,6.4,1,3.0
7.64,0,84,0,3,1,6,6,6,5,7,6,6,6.0,6.0,2.41,7.64,1,6.13
6.7,0,75,2,3,1,4,6,6,4,5,6,5,5.0,5.5,5.17,6.7,0,0.0
7.49,0,63,3,2,1,5,8,7,5,8,5,8,6.6,6.5,5.86,7.49,1,7.46
5.98,1,64,0,1,1,4,4,7,3,4,5,7,4.4,6.0,1.03,5.48,1,3.0
7.93,0,78,3,2,1,7,6,7,6,6,8,4,6.4,6.0,5.86,7.93,1,7.03
7.09,1,73,2,1,0,3,8,4,2,4,3,7,4.2,5.0,3.45,6.59,1,3.85
7.01,3,72,0,1,0,4,5,3,2,6,5,7,4.0,6.0,0.69,5.51,0,0.0
6.13,4,76,0,1,1,4,2,4,3,2,3,6,3.0,4.5,1.03,4.13,0,0.0
6.63,2,78,2,1,3,6,5,6,6,5,9,4,5.6,6.5,4.48,5.63,0,0.0
5.91,2,71,3,2,0,5,4,5,3,5,5,4,4.4,4.5,5.52,4.91,0,0.0
5.44,1,73,1,0,0,1,2,1,1,1,1,6,1.2,3.5,1.38,4.94,0,0.0
6.62,0,84,0,3,2,4,5,5,2,8,4,7,4.8,5.5,2.76,6.62,1,3.0
7.98,0,71,3,3,1,8,6,4,5,6,4,8,5.8,6.0,6.55,7.98,1,8.4
7.86,2,80,0,0,3,5,9,6,6,6,5,10,6.4,7.5,1.03,6.86,1,4.94
5.53,0,56,0,0,0,1,3,3,3,4,5,3,2.8,4.0,0.0,5.53,0,0.0
7.24,2,73,2,5,1,9,7,7,6,7,9,6,7.2,7.5,6.55,6.24,1,9.71
7.97,0,76,0,3,2,7,6,8,5,7,8,7,6.6,7.5,2.76,7.97,1,6.59
7.22,0,89,1,1,1,5,4,6,4,5,5,5,4.8,5.0,2.41,7.22,1,4.44
6.67,2,69,0,4,3,5,4,4,1,4,6,3,3.6,4.5,3.79,5.67,1,3.0
5.7,3,71,0,1,0,3,4,4,4,5,6,5,4.0,5.5,0.69,4.2,0,0.0
7.15,0,77,1,2,0,3,4,5,2,4,8,5,3.6,6.5,2.76,7.15,1,3.34
6.11,4,76,1,1,1,4,5,1,3,1,4,4,2.8,4.0,2.41,4.11,0,0.0
6.81,0,73,0,2,0,6,5,5,5,6,8,5,5.4,6.5,1.38,6.81,1,3.98
5.4,2,86,0,0,0,1,4,1,2,2,2,4,2.0,3.0,0.0,4.4,0,0.0
8.36,0,83,3,5,5,6,8,7,6,7,8,6,6.8,7.0,9.31,8.36,1,10.88
7.25,3,80,1,3,3,6,7,7,5,6,5,8,6.2,6.5,4.48,5.75,1,5.23
6.65,2,78,0,4,1,4,7,5,5,4,5,7,5.0,6.0,3.1,5.65,0,0.0
5.19,0,75,0,3,0,3,6,2,3,3,4,4,3.4,4.0,2.07,5.19,0,0.0
5.68,3,82,0,0,0,2,2,2,3,4,3,3,2.6,3.0,0.0,4.18,0,0.0
6.42,2,87,0,2,0,4,5,7,1,4,5,5,4.2,5.0,1.38,5.42,1,3.04
6.24,1,71,0,2,2,5,6,2,1,5,7,4,3.8,5.5,2.07,5.74,0,0.0
5.98,2,85,0,2,3,4,5,4,1,2,2,4,3.2,3.0,2.41,4.98,0,0.0
6.58,1,80,2,1,1,4,6,4,2,5,5,5,4.2,5.0,3.79,6.08,1,3.69
5.86,1,80,0,1,1,5,6,3,1,3,3,8,3.6,5.5,1.03,5.36,1,3.0
5.14,2,70,0,1,0,3,2,3,1,4,5,5,2.6,5.0,0.69,4.14,0,0.0
6.06,0,74,2,1,0,7,4,4,3,3,7,4,4.2,5.5,3.45,6.06,1,5.33
8.29,0,87,3,0,4,5,6,6,6,6,5,7,5.8,6.0,5.52,8.29,1,6.37
6.85,0,83,0,4,3,3,5,5,5,5,4,4,4.6,4.0,3.79,6.85,1,4.02
7.61,1,96,2,5,1,7,7,4,4,6,4,5,5.6,4.5,6.55,7.11,1,8.22
6.99,0,79,1,1,5,6,5,7,4,3,8,7,5.0,7.5,3.79,6.99,1,5.31
6.95,1,81,1,2,2,6,4,6,6,2,7,5,4.8,6.0,3.45,6.45,1,3.94
6.35,3,55,0,2,1,5,4,4,4,5,2,7,4.4,4.5,1.72,4.85,0,0.0
7.2,0,66,1,2,3,8,4,5,4,4,6,2,5.0,4.0,3.79,7.2,1,10.13
6.68,2,74,1,1,1,4,5,6,3,4,3,6,4.4,4.5,2.41,5.68,1,3.0
7.96,1,66,0,3,1,5,5,5,3,4,4,5,4.4,4.5,2.41,7.46,0,0.0
7.2,2,89,2,3,3,5,6,7,7,4,4,4,5.8,4.0,5.86,6.2,1,5.31
7.02,3,67,1,0,1,6,6,6,4,4,3,4,5.2,3.5,1.72,5.52,1,4.48
7.95,1,78,0,4,1,7,9,7,5,6,6,5,6.8,5.5,3.1,7.45,1,7.4
5.8,1,70,0,0,0,2,3,3,1,1,6,5,2.0,5.5,0.0,5.3,0,0.0
6.97,1,87,3,1,2,7,7,6,4,5,4,8,5.8,6.0,5.52,6.47,1,7.9
5.0,1,67,1,0,0,1,2,2,1,1,5,5,1.4,5.0,1.38,4.5,0,0.0
6.82,2,85,0,4,2,5,7,3,5,5,7,5,5.0,6.0,3.45,5.82,1,3.82
7.6,0,82,0,4,3,6,7,4,4,9,7,7,6.0,7.0,3.79,7.6,1,5.95
6.72,0,86,0,3,1,5,6,6,4,4,8,3,5.0,5.5,2.41,6.72,1,5.63
5.73,1,86,0,0,1,4,7,5,3,5,7,3,4.8,5.0,0.34,5.23,1,3.0
7.28,3,82,3,2,2,6,5,4,2,5,8,5,4.4,6.5,6.21,5.78,1,6.92
7.24,1,67,3,3,2,7,6,6,4,7,5,5,6.0,5.0,6.9,6.74,1,8.43
5.13,3,68,0,0,0,1,3,2,1,2,5,3,1.8,4.0,0.0,3.63,0,0.0
8.1,0,78,2,5,0,4,7,6,4,7,8,6,5.6,7.0,6.21,8.1,1,9.9
6.65,3,77,2,3,1,6,5,1,3,5,4,7,4.0,5.5,5.17,5.15,0,0.0
5.89,1,72,0,2,2,4,3,5,2,5,1,5,3.8,3.0,2.07,5.39,0,0.0
5.97,3,78,0,0,0,4,7,5,3,3,3,3,4.4,3.0,0.0,4.47,0,0.0
5.76,1,71,0,3,0,5,4,3,1,3,3,2,3.2,2.5,2.07,5.26,0,0.0
7.17,1,70,1,2,1,5,6,6,3,5,6,6,5.0,6.0,3.1,6.67,1,4.96
7.17,1,70,0,3,1,4,6,3,3,4,4,5,4.0,4.5,2.41,6.67,0,0.0
5.08,1,89,1,4,0,4,1,2,4,2,4,4,2.6,4.0,4.14,4.58,0,0.0
6.63,0,78,0,0,2,1,4,5,2,3,3,5,3.0,4.0,0.69,6.63,1,3.0
6.61,0,87,3,0,2,2,4,4,2,5,5,5,3.4,5.0,4.83,6.61,1,4.22
8.11,1,73,0,0,1,6,9,8,7,8,6,8,7.6,7.0,0.34,7.61,1,5.6
7.35,0,79,1,0,3,5,6,4,5,6,5,6,5.2,5.5,2.41,7.35,1,5.42
8.16,0,77,2,2,2,7,7,7,8,8,8,7,7.4,7.5,4.83,8.16,1,7.71
6.49,0,77,0,0,1,3,6,4,3,5,7,4,4.2,5.5,0.34,6.49,0,0.0
6.16,0,77,0,5,2,5,2,4,2,4,4,4,3.4,4.0,4.14,6.16,1,3.0
6.01,1,68,0,3,1,1,4,3,1,3,4,6,2.4,5.0,2.41,5.51,0,0.0
6.1,1,70,0,2,0,3,2,5,4,2,2,6,3.2,4.0,1.38,5.6,0,0.0
5.79,0,70,0,5,2,4,4,6,5,3,2,3,4.4,2.5,4.14,5.79,1,3.0
5.41,1,67,0,1,1,4,4,4,1,4,6,7,3.4,6.5,1.03,4.91,1,3.0
5.85,1,84,1,0,1,4,5,3,1,6,7,3,3.8,5.0,1.72,5.35,1,3.0
5.35,1,60,0,0,0,1,5,1,1,2,3,4,2.0,3.5,0.0,4.85,0,0.0
6.83,0,78,1,3,0,4,3,3,2,4,8,9,3.2,8.5,3.45,6.83,1,3.0
6.01,1,84,0,1,0,4,3,4,1,3,3,2,3.0,2.5,0.69,5.51,0,0.0
7.58,1,79,0,4,1,4,8,3,3,2,5,6,4.0,5.5,3.1,7.08,0,0.0
6.75,1,73,1,0,1,5,4,4,3,5,7,4,4.2,5.5,1.72,6.25,0,0.0
7.5,0,91,1,0,1,7,5,5,3,4,4,6,4.8,5.0,1.72,7.5,0,0.0
8.79,0,74,3,3,2,5,8,4,6,8,8,6,6.2,7.0,6.9,8.79,1,6.14
7.66,0,77,0,1,1,4,6,3,3,4,4,2,4.0,3.0,1.03,7.66,1,3.0
8.02,1,71,0,1,3,4,6,3,1,5,4,5,3.8,4.5,1.72,7.52,1,3.0
5.83,1,57,0,1,1,1,2,1,2,5,3,4,2.2,3.5,1.03,5.33,0,0.0
7.02,1,78,0,4,0,6,4,5,3,4,2,7,4.4,4.5,2.76,6.52,0,0.0
7.23,2,70,1,0,1,6,8,7,3,4,8,6,5.6,7.0,1.72,6.23,1,7.93
7.0,2,85,1,2,2,6,6,5,4,6,5,7,5.4,6.0,3.45,6.0,1,6.65
7.28,0,86,1,2,0,4,4,5,4,7,5,5,4.8,5.0,2.76,7.28,1,3.52
6.39,1,91,0,3,1,4,2,3,2,4,4,4,3.0,4.0,2.41,5.89,0,0.0
6.27,0,76,0,2,2,3,4,3,4,4,5,6,3.6,5.5,2.07,6.27,0,0.0
6.56,1,86,0,1,1,5,7,5,4,5,6,5,5.2,5.5,1.03,6.06,1,3.05
6.05,1,80,0,6,1,5,5,6,3,4,5,7,4.6,6.0,4.48,5.55,1,3.4
7.4,0,76,1,4,1,6,7,1,1,5,6,3,4.0,4.5,4.48,7.4,1,4.98
7.03,1,66,1,0,1,5,8,6,5,5,6,7,5.8,6.5,1.72,6.53,0,0.0
6.88,1,89,0,1,0,5,5,4,4,6,5,7,4.8,6.0,0.69,6.38,1,3.37
7.51,1,74,0,0,1,5,2,5,4,6,7,6,4.4,6.5,0.34,7.01,1,3.0
7.65,1,92,1,4,3,6,5,7,6,4,5,7,5.6,6.0,5.17,7.15,1,5.81
7.89,0,84,0,0,0,5,5,3,3,5,4,5,4.2,4.5,0.0,7.89,1,3.22
6.22,0,68,1,2,2,5,7,3,3,5,5,4,4.6,4.5,3.45,6.22,1,3.98
8.63,0,91,1,4,0,5,6,6,4,5,7,6,5.2,6.5,4.14,8.63,1,6.23
7.86,0,94,2,2,1,6,5,2,5,4,5,5,4.4,5.0,4.48,7.86,1,6.38
7.03,0,91,1,4,1,6,6,5,3,4,7,6,4.8,6.5,4.48,7.03,1,6.98
7.27,0,72,2,3,2,5,3,5,5,5,5,5,4.6,5.0,5.52,7.27,1,6.02
7.02,1,78,2,1,0,6,7,7,5,8,6,6,6.6,6.0,3.45,6.52,1,6.63
8.31,0,78,0,2,2,8,7,8,7,8,7,7,7.6,7.0,2.07,8.31,1,7.63
6.58,0,74,0,2,1,3,7,3,1,6,4,5,4.0,4.5,1.72,6.58,1,3.0
6.76,0,89,1,2,4,6,6,6,7,5,7,6,6.0,6.5,4.14,6.76,1,6.85
6.03,2,83,0,0,2,2,6,3,4,4,5,3,3.8,4.0,0.69,5.03,0,0.0
7.26,1,63,2,4,1,6,4,5,3,3,5,7,4.2,6.0,5.86,6.76,0,0.0
9.31,0,89,3,5,0,10,8,5,6,9,5,7,7.6,6.0,7.59,9.31,1,20.47
6.67,0,77,0,3,1,5,7,8,6,7,5,7,6.6,6.0,2.41,6.67,1,5.69
7.99,0,81,3,3,0,6,6,4,5,6,6,6,5.4,6.0,6.21,7.99,1,7.35
6.32,0,79,3,3,0,6,5,5,2,2,5,5,4.0,5.0,6.21,6.32,1,7.45
6.93,0,89,0,6,1,4,7,5,4,6,3,5,5.2,4.0,4.48,6.93,1,4.26
6.28,1,85,0,3,1,2,6,4,3,4,5,5,3.8,5.0,2.41,5.78,1,3.0
5.92,0,70,0,2,1,6,5,6,3,5,4,5,5.0,4.5,1.72,5.92,1,3.0
6.81,0,75,2,0,4,4,4,5,2,2,7,6,3.4,6.5,4.14,6.81,1,3.52
7.09,5,80,1,3,1,6,7,5,6,7,7,7,6.2,7.0,3.79,4.59,1,5.8
6.52,0,60,0,1,0,3,4,3,1,3,5,5,2.8,5.0,0.69,6.52,0,0.0
6.23,0,77,1,1,1,4,5,5,2,4,5,5,4.0,5.0,2.41,6.23,1,3.13
5.35,1,88,0,3,1,7,4,1,1,4,4,3,3.4,3.5,2.41,4.85,1,3.0
7.54,0,71,3,1,2,6,6,4,5,7,6,6,5.6,6.0,5.52,7.54,1,6.43
7.28,0,76,0,1,0,5,4,4,2,5,6,7,4.0,6.5,0.69,7.28,1,3.0
6.8,1,75,0,1,0,6,6,3,2,6,5,4,4.6,4.5,0.69,6.3,0,0.0
7.4,0,78,0,4,1,7,3,4,5,7,6,6,5.2,6.0,3.1,7.4,0,0.0
7.51,0,78,1,2,4,7,7,4,5,6,6,6,5.8,6.0,4.14,7.51,1,6.62
7.4,1,63,0,0,2,4,4,4,1,2,5,5,3.0,5.0,0.69,6.9,0,0.0
6.91,0,65,1,1,2,5,7,4,3,3,6,7,4.4,6.5,2.76,6.91,1,3.38
5.77,0,80,0,0,1,1,5,5,4,3,3,5,3.6,4.0,0.34,5.77,0,0.0
6.74,1,70,0,2,0,5,5,5,4,6,5,4,5.0,4.5,1.38,6.24,0,0.0
8.64,0,76,1,4,1,7,7,8,6,7,7,8,7.0,7.5,4.48,8.64,1,6.6
5.51,2,87,0,1,0,4,6,1,3,4,7,4,3.6,5.5,0.69,4.51,0,0.0
6.41,0,74,0,3,0,7,7,4,3,5,7,3,5.2,5.0,2.07,6.41,1,4.99
6.55,0,76,2,3,0,5,6,5,3,6,1,7,5.0,4.0,4.83,6.55,0,0.0
7.31,1,90,0,2,1,7,8,6,5,7,5,4,6.6,4.5,1.72,6.81,1,6.48
5.43,3,81,0,0,0,3,2,2,2,2,4,4,2.2,4.0,0.0,3.93,0,0.0
8.62,0,75,1,1,0,9,8,7,6,8,5,7,7.6,6.0,2.07,8.62,1,6.93
6.36,2,73,0,2,1,6,5,5,4,4,4,5,4.8,4.5,1.72,5.36,0,0.0
5.13,4,74,0,0,0,4,2,3,1,4,4,4,2.8,4.0,0.0,3.13,0,0.0
7.39,0,91,2,0,1,6,6,8,5,5,6,5,6.0,5.5,3.1,7.39,1,5.06
7.53,2,75,1,0,0,7,6,6,3,6,7,5,5.6,6.0,1.38,6.53,1,5.12
5.31,0,70,0,0,0,2,4,4,1,4,4,3,3.0,3.5,0.0,5.31,0,0.0
7.89,0,83,1,1,2,8,7,5,6,7,5,7,6.6,6.0,2.76,7.89,1,6.81
7.64,0,88,3,5,1,7,6,5,6,8,5,6,6.4,5.5,7.93,7.64,1,9.85
6.57,1,80,0,0,2,5,7,4,3,4,6,4,4.6,5.0,0.69,6.07,0,0.0
8.22,0,74,0,1,2,7,7,8,3,7,7,6,6.4,6.5,1.38,8.22,1,6.34
7.07,1,77,1,6,1,7,5,6,5,8,7,5,6.2,6.0,5.86,6.57,1,5.42
7.96,0,84,0,1,1,7,6,5,4,8,6,6,6.0,6.0,1.03,7.96,1,5.52
6.73,0,87,1,4,1,4,7,3,4,4,3,5,4.4,4.0,4.48,6.73,1,3.65
6.92,0,75,2,2,1,6,7,3,4,5,5,8,5.0,6.5,4.48,6.92,1,4.6
6.86,0,72,1,3,1,3,4,5,1,4,6,6,3.4,6.0,3.79,6.86,1,3.24
6.76,1,66,0,0,2,5,4,4,1,5,2,4,3.8,3.0,0.69,6.26,0,0.0
7.15,1,94,0,0,0,5,4,5,3,4,5,2,4.2,3.5,0.0,6.65,1,3.0
6.75,0,78,0,3,1,4,5,5,4,3,6,4,4.2,5.0,2.41,6.75,1,3.0
7.36,0,88,1,0,3,5,5,4,2,6,8,5,4.4,6.5,2.41,7.36,1,3.53
6.4,0,80,0,2,2,4,3,5,2,5,4,3,3.8,3.5,2.07,6.4,1,3.0
6.36,0,74,0,0,1,2,3,1,2,4,4,3,2.4,3.5,0.34,6.36,0,0.0
7.97,1,67,2,1,0,6,6,6,6,7,8,6,6.2,7.0,3.45,7.47,1,6.73
5.33,1,58,0,0,1,3,3,2,2,3,3,3,2.6,3.0,0.34,4.83,0,0.0
6.8,0,86,0,2,1,2,5,6,3,5,6,6,4.2,6.0,1.72,6.8,1,3.0
7.35,0,84,0,3,3,6,8,5,4,7,6,5,6.0,5.5,3.1,7.35,1,5.69
8.1,0,85,1,3,0,7,10,5,6,6,6,6,6.8,6.0,3.45,8.1,1,7.59
7.58,1,70,1,0,1,4,5,4,3,4,6,7,4.0,6.5,1.72,7.08,1,3.02
8.04,0,78,2,4,4,6,9,8,7,7,6,6,7.4,6.0,6.9,8.04,1,9.29
6.07,2,80,0,0,0,3,4,1,3,5,7,5,3.2,6.0,0.0,5.07,0,0.0
6.85,0,92,2,2,0,4,5,6,4,4,2,7,4.6,4.5,4.14,6.85,1,5.57
7.02,0,74,1,4,0,8,5,6,4,5,5,7,5.6,6.0,4.14,7.02,1,5.88
6.68,0,80,1,0,1,2,4,2,2,3,4,4,2.6,4.0,1.72,6.68,0,0.0
7.38,1,81,1,2,2,5,8,6,3,7,6,8,5.8,7.0,3.45,6.88,1,5.87
6.52,1,73,0,0,1,2,2,2,2,3,6,4,2.2,5.0,0.34,6.02,0,0.0
6.77,0,94,0,2,4,6,6,4,5,4,5,7,5.0,6.0,2.76,6.77,1,4.71
8.03,0,80,1,2,3,8,7,4,4,5,5,5,5.6,5.0,3.79,8.03,1,7.75
8.12,0,91,1,2,1,6,7,7,8,6,6,6,6.8,6.0,3.1,8.12,1,7.93
6.71,1,75,0,2,1,4,6,5,5,6,6,7,5.2,6.5,1.72,6.21,0,0.0
7.18,0,78,0,4,0,3,5,3,1,3,4,5,3.0,4.5,2.76,7.18,0,0.0
5.99,0,89,1,0,1,3,7,5,5,4,5,3,4.8,4.0,1.72,5.99,1,3.31
6.38,2,79,0,1,1,5,3,4,2,5,5,3,3.8,4.0,1.03,5.38,1,3.0
6.94,0,69,0,2,0,3,3,2,3,4,3,6,3.0,4.5,1.38,6.94,0,0.0
8.08,1,95,2,4,2,5,7,7,5,7,9,6,6.2,7.5,6.21,7.58,1,13.66
7.25,2,89,1,2,2,6,7,7,3,6,4,5,5.8,4.5,3.45,6.25,1,4.63
6.47,1,84,0,0,0,5,2,4,2,5,4,7,3.6,5.5,0.0,5.97,0,0.0
8.09,0,52,1,5,0,6,7,6,7,5,5,6,6.2,5.5,4.83,8.09,1,7.31
6.82,0,79,0,2,2,3,3,1,3,3,5,4,2.6,4.5,2.07,6.82,1,3.0
7.87,1,79,1,6,1,4,7,5,4,5,5,4,5.0,4.5,5.86,7.37,1,5.26
10.0,0,85,3,6,4,6,9,8,4,10,9,6,7.4,7.5,9.66,10.0,1,12.44
8.24,0,91,2,2,0,5,7,9,6,6,7,7,6.6,7.0,4.14,8.24,1,6.62
6.99,1,85,1,1,2,7,8,6,4,6,6,5,6.2,5.5,2.76,6.49,0,0.0
8.07,0,87,0,2,1,4,5,4,4,5,4,6,4.4,5.0,1.72,8.07,1,3.55
5.58,1,74,0,1,1,4,5,5,2,4,5,2,4.0,3.5,1.03,5.08,0,0.0
7.56,0,93,2,5,1,5,7,5,3,6,6,4,5.2,5.0,6.55,7.56,1,6.93
5.87,2,78,0,1,0,4,4,5,1,2,4,3,3.2,3.5,0.69,4.87,0,0.0
6.71,0,84,0,2,0,5,4,4,4,3,5,5,4.0,5.0,1.38,6.71,0,0.0
7.64,0,81,0,2,4,6,6,8,3,5,4,6,5.6,5.0,2.76,7.64,1,5.04
7.6,0,89,0,3,2,4,7,6,5,5,9,4,5.4,6.5,2.76,7.6,1,5.53
7.07,0,86,0,3,2,3,6,6,4,8,5,7,5.4,6.0,2.76,7.07,1,3.76
7.72,0,80,1,3,0,7,4,5,4,6,4,6,5.2,5.0,3.45,7.72,1,6.04
7.13,0,87,0,2,1,4,7,5,3,6,4,6,5.0,5.0,1.72,7.13,0,0.0
7.22,0,71,0,0,0,2,3,4,3,4,3,6,3.2,4.5,0.0,7.22,0,0.0
5.95,2,92,0,6,1,5,6,6,3,5,8,4,5.0,6.0,4.48,4.95,1,4.76
7.52,0,90,2,2,0,4,4,7,4,7,6,8,5.2,7.0,4.14,7.52,1,8.07
7.2,0,75,3,1,4,5,6,3,4,6,5,5,4.8,5.0,6.21,7.2,1,8.33
6.84,0,96,0,2,0,4,5,5,5,5,6,6,4.8,6.0,1.38,6.84,1,3.04
6.99,1,66,1,3,2,6,3,4,2,5,7,5,4.0,6.0,4.14,6.49,1,4.29
5.53,0,81,0,0,0,4,4,3,3,3,5,3,3.4,4.0,0.0,5.53,0,0.0
6.97,0,74,0,0,0,6,4,6,4,6,6,8,5.2,7.0,0.0,6.97,1,4.03
7.94,0,98,1,2,3,6,6,8,4,6,4,6,6.0,5.0,3.79,7.94,1,6.27
5.07,2,77,1,3,1,3,4,4,1,7,4,5,3.8,4.5,3.79,4.07,0,0.0
7.0,0,69,1,2,1,3,3,7,1,6,3,5,4.0,4.0,3.1,7.0,0,0.0
6.14,1,67,0,1,0,2,2,2,2,2,4,7,2.0,5.5,0.69,5.64,0,0.0
5.0,0,67,0,0,0,5,2,4,1,1,3,5,2.6,4.0,0.0,5.0,0,0.0
6.76,0,77,2,3,3,4,6,5,5,4,5,5,4.8,5.0,5.86,6.76,1,4.71
7.79,0,76,0,2,1,5,7,5,3,4,5,4,4.8,4.5,1.72,7.79,1,3.54
8.03,0,76,1,2,0,8,9,8,5,5,5,6,7.0,5.5,2.76,8.03,1,9.5
6.17,1,79,0,1,0,4,4,3,2,3,4,5,3.2,4.5,0.69,5.67,0,0.0
7.94,0,87,1,0,4,5,6,8,4,6,5,5,5.8,5.0,2.76,7.94,1,4.8
8.06,1,71,2,3,3,7,6,6,3,5,6,5,5.4,5.5,5.86,7.56,1,8.29
7.64,2,67,1,3,2,6,6,5,5,6,6,4,5.6,5.0,4.14,6.64,1,7.39
6.74,0,81,2,2,3,6,5,4,5,5,4,7,5.0,5.5,5.17,6.74,1,4.89
6.81,1,86,0,5,1,6,6,8,4,5,7,6,5.8,6.5,3.79,6.31,1,4.86
6.47,0,78,0,0,0,2,4,4,3,4,4,5,3.4,4.5,0.0,6.47,1,3.0
7.17,1,81,0,3,0,5,3,5,4,6,6,5,4.6,5.5,2.07,6.67,1,4.04
6.87,3,93,0,3,0,8,6,7,3,5,6,6,5.8,6.0,2.07,5.37,0,0.0
7.06,1,91,0,5,3,6,6,7,6,6,5,7,6.2,6.0,4.48,6.56,1,6.39
7.58,3,100,0,1,1,7,6,5,4,4,5,5,5.2,5.0,1.03,6.08,1,4.98
7.21,1,100,2,1,2,5,7,7,1,4,6,7,4.8,6.5,4.14,6.71,1,4.59
7.46,1,67,1,4,0,8,8,5,4,7,7,6,6.4,6.5,4.14,6.96,1,8.54
8.43,0,66,2,1,0,5,6,4,3,8,6,7,5.2,6.5,3.45,8.43,1,7.01
6.85,0,77,0,2,2,5,6,6,3,5,5,5,5.0,5.0,2.07,6.85,1,3.91
6.51,1,82,0,2,0,6,3,5,3,6,6,5,4.6,5.5,1.38,6.01,1,3.17
6.0,0,79,1,1,2,6,4,3,3,5,4,6,4.2,5.0,2.76,6.0,1,3.0
8.84,0,93,2,3,2,9,9,7,6,8,6,7,7.8,6.5,5.52,8.84,1,21.61
8.02,0,80,2,2,4,5,5,4,5,7,6,9,5.2,7.5,5.52,8.02,1,4.96
5.15,1,69,1,1,1,3,5,3,2,4,4,4,3.4,4.0,2.41,4.65,0,0.0
6.77,1,73,0,2,1,4,5,3,3,4,7,3,3.8,5.0,1.72,6.27,0,0.0
8.22,0,81,0,2,2,5,6,7,5,6,5,5,5.8,5.0,2.07,8.22,1,6.15
6.68,0,84,0,3,1,5,3,5,5,4,4,4,4.4,4.0,2.41,6.68,1,3.32
6.63,2,74,1,3,1,4,4,4,1,3,5,6,3.2,5.5,3.79,5.63,0,0.0
7.87,0,74,0,2,2,4,5,6,6,5,6,7,5.2,6.5,2.07,7.87,1,4.01
6.83,1,86,1,2,4,3,4,5,3,7,6,5,4.4,5.5,4.14,6.33,1,4.49
6.39,4,72,0,3,1,5,2,3,1,2,5,5,2.6,5.0,2.41,4.39,0,0.0
7.3,0,86,1,1,0,4,5,5,3,3,4,8,4.0,6.0,2.07,7.3,0,0.0
6.81,0,71,0,4,1,5,7,8,3,7,7,5,6.0,6.0,3.1,6.81,1,5.15
8.44,0,78,1,6,4,6,7,8,5,7,4,6,6.6,5.0,6.9,8.44,1,9.02
8.09,0,81,0,4,1,7,7,5,5,6,4,6,6.0,5.0,3.1,8.09,1,6.0
7.03,0,79,1,0,0,3,5,6,4,4,5,4,4.4,4.5,1.38,7.03,1,3.0
6.43,1,68,1,3,1,4,6,6,2,6,4,3,4.8,3.5,3.79,5.93,1,4.04
7.26,1,94,2,2,1,6,6,6,6,8,6,7,6.4,6.5,4.48,6.76,1,4.96
6.3,0,84,0,1,0,3,4,2,2,2,2,4,2.6,3.0,0.69,6.3,0,0.0
6.2,0,68,0,3,2,5,5,4,1,5,4,5,4.0,4.5,2.76,6.2,1,3.0
7.79,1,100,1,1,3,7,10,6,6,9,8,7,7.6,7.5,3.1,7.29,1,8.1
7.01,1,61,1,6,3,8,7,6,6,6,5,5,6.6,5.0,6.55,6.51,1,9.45
7.36,0,84,0,3,3,4,5,4,2,6,4,5,4.2,4.5,3.1,7.36,1,3.52
7.1,1,71,2,2,0,4,4,4,4,6,5,5,4.4,5.0,4.14,6.6,0,0.0
5.63,1,83,1,2,3,3,4,5,2,3,6,4,3.4,5.0,3.79,5.13,0,0.0
7.48,0,74,0,3,1,5,5,8,5,8,7,4,6.2,5.5,2.41,7.48,1,4.84
7.5,0,84,1,3,3,5,6,7,4,5,6,7,5.4,6.5,4.48,7.5,1,5.4
7.51,0,74,2,3,0,6,6,5,6,5,6,5,5.6,5.5,4.83,7.51,1,8.23
8.19,0,77,1,1,0,6,8,7,5,8,6,7,6.8,6.5,2.07,8.19,1,7.89
6.47,1,94,1,2,1,5,6,6,3,6,7,5,5.2,6.0,3.1,5.97,1,4.24
6.7,0,74,1,3,0,4,7,5,3,5,5,7,4.8,6.0,3.45,6.7,1,4.67
7.17,1,92,3,6,1,4,6,5,5,4,5,7,4.8,6.0,8.62,6.67,1,6.25
6.55,1,69,0,1,1,5,3,4,2,3,7,4,3.4,5.5,1.03,6.05,0,0.0
8.24,0,88,2,3,0,8,7,4,6,6,4,9,6.2,6.5,4.83,8.24,1,10.49
6.37,1,61,1,3,3,5,5,4,3,5,5,4,4.4,4.5,4.48,5.87,0,0.0
6.66,2,71,0,0,1,3,6,3,2,4,7,4,3.6,5.5,0.34,5.66,0,0.0
6.36,0,73,1,2,1,3,5,5,3,4,6,4,4.0,5.0,3.1,6.36,1,3.06
7.65,0,88,0,1,2,6,4,3,3,2,3,2,3.6,2.5,1.38,7.65,0,0.0
5.85,0,68,1,0,1,2,5,3,1,2,2,4,2.6,3.0,1.72,5.85,0,0.0
7.0,1,58,0,6,0,3,6,5,4,5,3,6,4.6,4.5,4.14,6.5,1,3.82
8.73,0,70,2,1,2,6,4,4,4,4,7,4,4.4,5.5,4.14,8.73,1,4.87
7.91,1,70,1,2,0,6,4,5,6,4,4,9,5.0,6.5,2.76,7.41,1,6.67
6.7,1,89,1,4,1,7,9,9,6,7,7,3,7.6,5.0,4.48,6.2,1,6.95
7.0,1,83,0,1,1,1,3,1,6,3,3,4,2.8,3.5,1.03,6.5,0,0.0
8.7,0,82,3,6,5,8,9,9,7,7,10,6,8.0,8.0,10.0,8.7,1,14.09
7.72,0,75,2,3,0,7,7,4,5,7,4,7,6.0,5.5,4.83,7.72,1,9.93
6.38,0,82,0,2,1,3,3,6,2,5,5,6,3.8,5.5,1.72,6.38,0,0.0
6.04,0,65,0,2,0,5,3,5,5,5,6,4,4.6,5.0,1.38,6.04,0,0.0
7.13,0,82,0,1,0,2,3,4,2,5,4,3,3.2,3.5,0.69,7.13,0,0.0
7.71,1,80,1,1,1,5,8,6,6,7,6,5,6.4,5.5,2.41,7.21,1,6.01
7.28,0,77,0,0,0,7,8,5,6,6,5,6,6.4,5.5,0.0,7.28,1,4.81
7.24,0,81,0,1,1,4,5,5,3,5,6,5,4.4,5.5,1.03,7.24,0,0.0
6.45,1,75,1,2,1,5,5,3,4,3,6,5,4.0,5.5,3.1,5.95,1,3.57
8.12,0,87,3,5,2,7,7,6,6,5,6,6,6.2,6.0,8.28,8.12,1,7.41
7.14,2,69,1,1,5,5,5,4,3,4,7,4,4.2,5.5,3.79,6.14,1,4.99
6.18,1,80,1,1,0,3,2,4,2,2,5,2,2.6,3.5,2.07,5.68,1,3.0
8.1,1,89,1,2,0,4,9,3,4,4,8,4,4.8,6.0,2.76,7.6,1,5.59
7.82,0,82,1,3,2,6,4,7,5,5,4,4,5.4,4.0,4.14,7.82,0,0.0
7.08,0,80,0,1,2,5,5,7,5,6,4,5,5.6,4.5,1.38,7.08,1,3.88
6.58,0,76,1,3,0,3,4,4,4,2,5,5,3.4,5.0,3.45,6.58,1,3.0
7.36,1,84,0,1,0,7,7,7,3,5,4,6,5.8,5.0,0.69,6.86,0,0.0
5.57,1,73,1,2,0,2,5,3,3,2,6,6,3.0,6.0,2.76,5.07,0,0.0
6.1,1,62,0,3,0,1,3,2,1,3,4,3,2.0,3.5,2.07,5.6,0,0.0
6.34,0,82,0,1,1,3,3,3,2,5,3,5,3.2,4.0,1.03,6.34,0,0.0
7.87,0,68,2,2,1,6,5,7,5,6,5,6,5.8,5.5,4.48,7.87,1,7.25
7.4,1,79,1,1,0,5,6,4,5,5,4,8,5.0,6.0,2.07,6.9,1,5.64
8.19,1,85,1,6,1,6,9,8,9,8,8,6,8.0,7.0,5.86,7.69,1,14.64
8.53,0,80,3,6,2,7,7,6,6,8,7,6,6.8,6.5,8.97,8.53,1,9.08
9.69,0,89,2,3,4,10,9,8,7,8,7,8,8.4,7.5,6.21,9.69,1,11.86
6.13,3,73,0,1,1,4,7,4,2,5,4,5,4.4,4.5,1.03,4.63,0,0.0
6.36,1,86,2,2,1,4,7,5,6,5,6,5,5.4,5.5,4.48,5.86,1,6.02
7.23,0,77,0,1,2,3,6,3,2,4,7,6,3.6,6.5,1.38,7.23,1,3.0
5.57,2,63,1,1,0,2,1,2,1,2,3,6,1.6,4.5,2.07,4.57,0,0.0
6.07,0,86,0,0,0,1,5,2,4,4,6,6,3.2,6.0,0.0,6.07,0,0.0
6.79,1,81,1,2,3,4,6,7,5,8,5,5,6.0,5.0,3.79,6.29,1,4.58
5.95,0,81,0,2,1,2,3,5,2,4,7,7,3.2,7.0,1.72,5.95,0,0.0
8.09,0,92,3,5,0,6,5,5,3,6,4,6,5.0,5.0,7.59,8.09,1,9.3
8.13,1,95,1,3,4,9,6,6,5,6,7,4,6.4,5.5,4.83,7.63,1,8.98
7.67,0,85,0,0,1,4,5,7,3,5,5,6,4.8,5.5,0.34,7.67,1,3.0
7.54,0,79,1,1,0,7,6,6,3,5,9,6,5.4,7.5,2.07,7.54,1,6.28
7.45,0,65,1,2,0,4,5,7,2,5,6,5,4.6,5.5,2.76,7.45,0,0.0
6.45,2,75,0,0,1,2,5,3,4,3,2,5,3.4,3.5,0.34,5.45,0,0.0
8.87,0,95,2,2,1,10,8,10,8,8,6,5,8.8,5.5,4.48,8.87,1,11.55
7.36,0,82,2,3,3,8,5,4,7,2,6,8,5.2,7.0,5.86,7.36,1,8.91
5.29,0,50,0,0,0,3,4,1,1,4,5,5,2.6,5.0,0.0,5.29,0,0.0
6.24,0,82,0,1,1,4,2,6,4,5,5,2,4.2,3.5,1.03,6.24,1,3.0
5.69,0,81,0,1,0,3,4,2,2,4,5,5,3.0,5.0,0.69,5.69,0,0.0
7.1,1,74,0,3,1,4,5,3,3,3,4,6,3.6,5.0,2.41,6.6,1,3.0
6.22,2,80,1,1,0,4,5,4,2,2,6,7,3.4,6.5,2.07,5.22,0,0.0
6.58,1,78,0,2,0,4,3,5,1,1,3,7,2.8,5.0,1.38,6.08,0,0.0
7.9,0,74,3,3,5,9,6,6,6,8,6,10,7.0,8.0,7.93,7.9,1,10.81
6.92,1,86,2,1,1,4,7,5,5,7,4,5,5.6,4.5,3.79,6.42,1,5.38
7.58,0,72,2,4,5,7,6,4,5,7,5,7,5.8,6.0,7.24,7.58,1,6.57
5.9,0,76,1,2,1,4,3,4,4,5,4,4,4.0,4.0,3.1,5.9,0,0.0
6.89,1,77,0,1,0,5,5,5,5,5,4,6,5.0,5.0,0.69,6.39,1,3.0
6.32,1,68,2,2,0,7,4,4,5,4,6,3,4.8,4.5,4.14,5.82,0,0.0
6.74,1,78,1,3,0,6,7,4,2,6,3,4,5.0,3.5,3.45,6.24,1,5.85
6.44,2,88,0,2,0,4,4,3,2,5,5,4,3.6,4.5,1.38,5.44,0,0.0
6.8,0,90,1,2,3,6,7,5,5,4,5,5,5.4,5.0,3.79,6.8,1,4.43
6.89,2,83,1,0,1,6,6,6,2,6,5,6,5.2,5.5,1.72,5.89,0,0.0
6.67,0,67,0,2,1,9,6,6,3,5,6,7,5.8,6.5,1.72,6.67,1,4.75
6.85,0,67,0,2,2,2,6,5,3,4,4,4,4.0,4.0,2.07,6.85,0,0.0
7.28,0,82,1,1,1,6,5,5,3,6,7,4,5.0,5.5,2.41,7.28,1,4.91
7.1,0,76,0,1,2,1,5,4,3,5,4,5,3.6,4.5,1.38,7.1,1,3.0
6.79,0,68,1,0,1,5,5,3,2,5,5,4,4.0,4.5,1.72,6.79,0,0.0
7.54,0,95,2,6,0,6,7,6,7,5,7,7,6.2,7.0,6.9,7.54,1,8.23
7.71,2,82,2,2,2,6,6,9,5,7,6,8,6.6,7.0,4.83,6.71,1,6.77
6.56,1,83,1,3,0,2,4,4,5,4,4,7,3.8,5.5,3.45,6.06,1,3.0
7.45,0,88,1,2,1,5,5,4,4,5,4,7,4.6,5.5,3.1,7.45,1,4.78
7.58,1,79,0,2,1,5,5,4,2,5,7,5,4.2,6.0,1.72,7.08,0,0.0
6.84,2,96,1,3,1,5,6,6,6,6,6,6,5.8,6.0,3.79,5.84,1,5.35
6.88,0,72,1,2,2,4,5,5,5,5,6,6,4.8,6.0,3.45,6.88,1,4.32
7.53,1,75,1,5,2,5,6,7,5,6,5,5,5.8,5.0,5.52,7.03,1,6.29
6.95,0,69,0,3,1,5,6,5,6,7,8,5,5.8,6.5,2.41,6.95,0,0.0
8.33,0,96,0,0,1,6,8,8,6,7,5,7,7.0,6.0,0.34,8.33,1,5.44
7.77,0,83,0,4,0,7,7,6,6,6,6,5,6.4,5.5,2.76,7.77,1,4.75
5.74,1,69,0,1,2,4,5,2,1,1,5,6,2.6,5.5,1.38,5.24,0,0.0
6.76,0,76,1,2,2,4,9,7,6,6,4,5,6.4,4.5,3.45,6.76,1,5.72
6.49,2,91,0,2,2,6,6,6,5,5,5,6,5.6,5.5,2.07,5.49,1,4.73
6.64,1,79,0,0,2,5,4,4,4,4,4,6,4.2,5.0,0.69,6.14,1,3.41
6.59,1,89,0,1,1,7,5,5,2,5,6,7,4.8,6.5,1.03,6.09,1,3.65
5.57,1,75,0,1,0,5,5,2,2,2,4,2,3.2,3.0,0.69,5.07,0,0.0
6.57,1,73,0,0,2,2,5,3,1,2,2,7,2.6,4.5,0.69,6.07,0,0.0
6.16,1,76,0,2,0,5,6,3,1,2,2,6,3.4,4.0,1.38,5.66,0,0.0
7.33,0,74,0,1,1,3,4,5,4,4,4,6,4.0,5.0,1.03,7.33,1,3.0
6.25,2,74,1,2,2,4,6,5,5,3,3,5,4.6,4.0,3.45,5.25,0,0.0
5.91,0,67,0,2,2,5,5,5,1,7,6,5,4.6,5.5,2.07,5.91,1,3.0
7.56,0,86,2,2,1,8,6,6,6,8,7,5,6.8,6.0,4.48,7.56,1,10.52
6.38,2,82,3,0,1,7,5,5,3,7,5,6,5.4,5.5,4.48,5.38,1,6.23
7.36,0,83,1,6,0,6,7,2,3,3,5,7,4.2,6.0,5.52,7.36,1,6.52
8.16,0,87,2,6,1,7,8,6,6,7,8,5,6.8,6.5,7.24,8.16,1,12.12
7.56,0,77,0,2,3,6,4,5,4,4,6,6,4.6,6.0,2.41,7.56,1,3.0
7.12,1,90,1,2,0,6,4,4,4,8,4,6,5.2,5.0,2.76,6.62,1,5.06
6.69,2,84,1,0,1,3,3,2,1,5,3,5,2.8,4.0,1.72,5.69,0,0.0
6.21,2,94,1,1,3,5,5,6,6,4,7,3,5.2,5.0,3.1,5.21,0,0.0
7.1,1,83,1,4,2,7,5,6,4,5,5,5,5.4,5.0,4.83,6.6,1,6.97
6.43,0,75,0,0,1,5,3,3,3,2,5,3,3.2,4.0,0.34,6.43,0,0.0
6.85,1,81,0,3,0,6,4,5,4,4,4,3,4.6,3.5,2.07,6.35,1,3.0
7.57,0,83,0,3,2,3,7,5,1,4,4,6,4.0,5.0,2.76,7.57,0,0.0
7.23,0,72,0,1,0,5,8,4,5,7,6,5,5.8,5.5,0.69,7.23,1,4.8
7.53,0,72,1,2,1,5,7,4,3,6,4,4,5.0,4.0,3.1,7.53,1,4.99
6.63,3,67,2,4,0,6,3,7,5,5,3,7,5.2,5.0,5.52,5.13,0,0.0
8.33,0,79,3,3,1,6,9,5,4,6,5,6,6.0,5.5,6.55,8.33,0,0.0
5.93,1,73,1,5,1,5,5,3,4,1,5,6,3.6,5.5,5.17,5.43,0,0.0
6.2,2,65,0,1,2,4,4,6,1,5,7,3,4.0,5.0,1.38,5.2,0,0.0
6.47,0,78,1,3,0,4,8,5,5,5,5,6,5.4,5.5,3.45,6.47,1,6.31
6.73,1,76,1,0,0,6,7,7,4,5,5,5,5.8,5.0,1.38,6.23,1,6.1
6.87,2,88,0,2,1,6,3,3,3,7,8,6,4.4,7.0,1.72,5.87,0,0.0
5.46,2,93,1,2,0,4,4,4,2,3,3,4,3.4,3.5,2.76,4.46,0,0.0
6.32,3,77,0,1,2,1,3,5,2,3,5,6,2.8,5.5,1.38,4.82,0,0.0
7.1,1,69,1,1,0,4,3,4,4,5,4,5,4.0,4.5,2.07,6.6,0,0.0
7.04,0,78,1,5,2,5,6,5,5,6,5,4,5.4,4.5,5.52,7.04,1,5.09
6.05,0,79,2,1,1,4,7,6,6,5,9,5,5.6,7.0,3.79,6.05,1,5.37
6.78,0,76,0,1,2,6,6,4,5,7,7,3,5.6,5.0,1.38,6.78,1,3.98
7.14,0,73,1,1,1,7,7,9,5,6,6,7,6.8,6.5,2.41,7.14,1,7.09
5.0,2,66,0,0,0,2,2,3,1,2,2,4,2.0,3.0,0.0,4.0,0,0.0
8.31,0,85,0,3,5,7,8,7,9,8,7,8,7.8,7.5,3.79,8.31,1,7.4
5.84,2,80,0,1,0,4,5,3,3,3,4,4,3.6,4.0,0.69,4.84,0,0.0
8.12,1,85,1,4,1,5,4,8,4,6,4,4,5.4,4.0,4.48,7.62,1,4.99
7.07,0,95,1,5,1,4,7,6,4,5,3,6,5.2,4.5,5.17,7.07,1,5.04
8.16,0,83,2,1,0,5,6,5,4,5,4,7,5.0,5.5,3.45,8.16,1,6.36
6.7,1,79,2,5,5,5,5,6,4,4,5,6,4.8,5.5,7.93,6.2,1,5.05
5.43,2,73,0,0,0,4,3,1,1,2,6,4,2.2,5.0,0.0,4.43,0,0.0
7.9,0,80,1,3,5,7,9,6,5,8,6,3,7.0,4.5,5.17,7.9,1,7.94
7.75,2,76,1,2,1,7,4,5,4,6,5,6,5.2,5.5,3.1,6.75,1,4.7
7.14,0,78,3,2,0,4,6,5,4,6,4,6,5.0,5.0,5.52,7.14,1,7.23
7.97,0,63,2,3,2,6,9,5,6,5,5,5,6.2,5.0,5.52,7.97,1,7.32
7.87,0,73,0,1,1,9,5,6,6,6,2,7,6.4,4.5,1.03,7.87,1,5.85
6.86,0,88,1,4,0,4,5,6,4,5,8,5,4.8,6.5,4.14,6.86,1,5.17
7.48,0,85,0,0,1,5,6,5,5,6,6,6,5.4,6.0,0.34,7.48,1,3.36
6.19,2,69,0,0,0,2,3,1,1,4,4,4,2.2,4.0,0.0,5.19,0,0.0
7.4,0,87,0,0,0,8,6,7,1,5,7,6,5.4,6.5,0.0,7.4,1,4.62
7.63,0,64,1,0,1,5,5,6,3,5,9,4,4.8,6.5,1.72,7.63,1,5.29
5.78,2,70,0,0,0,2,3,1,1,3,3,4,2.0,3.5,0.0,4.78,0,0.0
6.61,1,86,1,2,0,6,6,6,3,5,4,9,5.2,6.5,2.76,6.11,1,6.34
8.06,0,81,1,4,0,4,8,7,6,7,9,8,6.4,8.5,4.14,8.06,1,8.92
6.51,1,62,0,1,0,5,7,7,5,3,3,7,5.4,5.0,0.69,6.01,0,0.0
5.0,0,73,0,0,0,2,1,3,1,2,6,4,1.8,5.0,0.0,5.0,0,0.0
6.93,1,86,0,2,1,4,5,1,1,5,4,3,3.2,3.5,1.72,6.43,0,0.0
7.8,0,78,1,1,2,8,6,5,5,6,6,7,6.0,6.5,2.76,7.8,1,8.36
6.23,0,65,0,2,4,4,6,4,3,5,3,4,4.4,3.5,2.76,6.23,1,3.0
6.2,0,95,0,0,1,3,4,3,3,4,8,4,3.4,6.0,0.34,6.2,0,0.0
7.29,0,68,1,2,1,9,9,6,2,8,5,5,6.8,5.0,3.1,7.29,1,7.38
7.15,0,80,3,6,0,5,7,5,4,6,5,7,5.4,6.0,8.28,7.15,1,10.14
8.14,0,69,0,3,2,4,5,6,3,7,6,3,5.0,4.5,2.76,8.14,1,3.9
7.31,1,71,1,5,0,7,5,7,1,8,5,7,5.6,6.0,4.83,6.81,1,4.98
6.56,0,74,2,2,1,5,5,5,4,5,6,7,4.8,6.5,4.48,6.56,1,5.65
7.06,0,79,0,1,0,4,6,4,1,3,3,9,3.6,6.0,0.69,7.06,1,3.0
6.89,0,84,0,0,1,7,4,3,3,4,5,5,4.2,5.0,0.34,6.89,1,3.0
9.37,0,80,3,3,1,6,9,7,6,8,6,7,7.2,6.5,6.55,9.37,1,11.97
7.97,1,78,2,5,1,7,8,7,7,6,6,7,7.0,6.5,6.55,7.47,1,7.15
6.59,1,83,0,1,2,2,2,5,2,3,4,5,2.8,4.5,1.38,6.09,0,0.0
7.68,1,78,1,2,2,4,6,4,1,4,6,5,3.8,5.5,3.45,7.18,1,3.81
6.44,0,69,0,1,0,3,1,3,3,4,4,4,2.8,4.0,0.69,6.44,0,0.0
7.97,1,84,3,0,1,5,7,6,8,9,6,7,7.0,6.5,4.48,7.47,1,8.57
6.87,1,77,0,1,1,5,5,2,5,5,6,5,4.4,5.5,1.03,6.37,0,0.0
7.73,0,84,2,0,2,7,5,9,7,6,8,5,6.8,6.5,3.45,7.73,1,6.37
7.52,0,75,1,4,1,4,6,3,4,10,4,4,5.4,4.0,4.48,7.52,1,3.99
8.79,0,91,3,6,4,6,8,8,6,8,7,10,7.2,8.5,9.66,8.79,1,10.24
6.61,1,98,0,6,2,5,5,5,3,3,4,6,4.2,5.0,4.83,6.11,0,0.0
6.54,4,77,0,4,1,2,6,4,3,3,4,6,3.6,5.0,3.1,4.54,0,0.0
6.69,0,76,0,4,1,5,5,4,2,3,6,5,3.8,5.5,3.1,6.69,0,0.0
6.75,0,80,0,4,2,6,5,4,4,3,2,6,4.4,4.0,3.45,6.75,1,3.95
6.24,1,73,2,2,2,5,5,5,3,5,4,4,4.6,4.0,4.83,5.74,1,3.78
5.0,0,80,0,2,0,1,5,1,1,1,4,4,1.8,4.0,1.38,5.0,0,0.0
6.93,1,84,1,2,1,6,6,6,3,7,6,6,5.6,6.0,3.1,6.43,1,5.57
7.1,0,73,0,1,1,3,4,4,5,6,7,4,4.4,5.5,1.03,7.1,1,3.0
6.04,2,79,0,0,0,4,3,3,2,3,2,5,3.0,3.5,0.0,5.04,0,0.0
9.11,0,88,2,6,2,8,8,8,3,10,9,7,7.4,8.0,7.59,9.11,1,10.05
5.92,1,66,1,2,0,3,4,4,3,3,6,4,3.4,5.0,2.76,5.42,0,0.0
7.37,1,80,1,5,0,7,8,6,6,5,5,6,6.4,5.5,4.83,6.87,1,9.55
7.02,1,80,0,2,2,3,6,5,4,6,3,3,4.8,3.0,2.07,6.52,0,0.0
7.17,2,86,3,3,0,4,5,7,5,6,5,8,5.4,6.5,6.21,6.17,0,0.0
7.89,0,85,0,1,0,4,6,6,3,4,7,8,4.6,7.5,0.69,7.89,1,8.35
7.96,0,79,0,6,1,6,6,7,5,6,6,5,6.0,5.5,4.48,7.96,1,6.55
7.12,1,74,1,0,0,7,6,6,4,7,5,7,6.0,6.0,1.38,6.62,1,6.56
7.16,2,79,1,3,2,7,6,8,4,7,4,6,6.4,5.0,4.14,6.16,1,6.58
6.54,1,73,0,1,1,4,6,2,3,4,5,5,3.8,5.0,1.03,6.04,1,3.0
6.75,1,87,0,2,0,6,6,8,7,6,6,4,6.6,5.0,1.38,6.25,1,4.93
7.15,1,80,0,5,1,5,4,7,5,6,5,5,5.4,5.0,3.79,6.65,1,4.38
8.27,0,82,2,3,4,9,9,8,7,7,5,8,8.0,6.5,6.21,8.27,1,9.65
6.26,0,80,0,1,0,1,2,6,1,5,3,4,3.0,3.5,0.69,6.26,0,0.0
5.87,2,69,0,5,1,6,5,7,5,6,4,5,5.8,4.5,3.79,4.87,0,0.0
7.11,0,96,0,3,1,5,7,5,4,8,3,6,5.8,4.5,2.41,7.11,1,4.83
8.97,0,92,1,0,2,8,5,7,7,6,6,2,6.6,4.0,2.07,8.97,1,6.34
7.25,4,68,2,2,3,5,5,5,4,3,2,6,4.4,4.0,5.17,5.25,0,0.0
6.22,0,80,0,0,1,4,2,2,3,4,5,5,3.0,5.0,0.34,6.22,0,0.0
7.86,0,84,2,0,0,7,3,8,5,5,4,6,5.6,5.0,2.76,7.86,1,5.21
5.65,1,71,1,0,1,1,2,3,2,4,3,5,2.4,4.0,1.72,5.15,0,0.0
7.73,1,67,2,6,2,7,7,6,4,8,6,6,6.4,6.0,7.59,7.23,1,10.02
6.99,0,74,0,3,4,6,6,5,4,8,5,8,5.8,6.5,3.45,6.99,1,6.01
7.71,0,78,0,4,2,4,6,5,2,5,3,5,4.4,4.0,3.45,7.71,1,3.66
6.01,2,58,0,2,0,5,4,2,1,4,4,4,3.2,4.0,1.38,5.01,0,0.0
6.58,2,60,0,0,0,3,2,3,3,1,6,3,2.4,4.5,0.0,5.58,0,0.0
6.67,1,78,0,2,0,4,3,1,2,5,6,6,3.0,6.0,1.38,6.17,0,0.0
7.72,0,75,0,1,0,5,5,6,2,4,7,5,4.4,6.0,0.69,7.72,1,8.57
6.09,0,66,0,2,2,3,6,3,2,3,2,5,3.4,3.5,2.07,6.09,0,0.0
7.51,0,73,0,3,1,4,4,2,2,7,5,5,3.8,5.0,2.41,7.51,1,3.0
9.18,0,65,3,3,2,5,6,6,8,5,5,7,6.0,6.0,6.9,9.18,1,12.43
6.77,0,78,0,2,1,5,4,5,3,5,7,3,4.4,5.0,1.72,6.77,1,3.0
7.85,0,77,3,3,3,6,9,7,6,7,8,8,7.0,8.0,7.24,7.85,1,11.13
7.2,1,75,2,6,1,6,8,8,4,7,6,5,6.6,5.5,7.24,6.7,1,10.68
7.48,0,82,3,3,0,8,7,7,3,5,3,6,6.0,4.5,6.21,7.48,1,8.13
6.9,0,73,0,2,0,4,4,5,2,4,3,4,3.8,3.5,1.38,6.9,1,3.0
5.0,3,64,0,0,0,4,1,1,1,1,4,4,1.6,4.0,0.0,3.5,0,0.0
6.55,2,58,0,3,1,4,4,4,2,1,4,4,3.0,4.0,2.41,5.55,0,0.0
7.83,0,82,1,6,2,7,8,4,3,7,6,3,5.8,4.5,6.21,7.83,1,9.3
5.65,2,79,3,1,3,6,5,5,4,3,6,5,4.6,5.5,5.86,4.65,1,5.36
7.79,0,78,0,2,2,7,8,5,4,4,7,5,5.6,6.0,2.07,7.79,1,6.15
6.53,0,71,1,2,2,7,4,6,2,6,4,5,5.0,4.5,3.45,6.53,1,5.77
8.1,0,78,1,2,2,4,4,6,5,6,6,8,5.0,7.0,3.45,8.1,1,5.35
7.84,0,84,2,3,1,6,9,7,5,5,8,5,6.4,6.5,5.17,7.84,1,9.52
8.05,0,80,1,5,0,5,6,6,6,5,7,6,5.6,6.5,4.83,8.05,1,5.99
7.32,0,91,0,0,2,6,7,8,1,7,5,5,5.8,5.0,0.69,7.32,1,3.18
6.52,1,89,3,3,4,6,6,5,5,6,7,7,5.6,7.0,7.59,6.02,1,7.62
6.64,1,71,0,0,0,3,3,4,1,5,5,5,3.2,5.0,0.0,6.14,0,0.0
6.2,4,82,0,2,0,2,4,2,2,2,5,4,2.4,4.5,1.38,4.2,0,0.0
5.32,2,79,0,3,1,4,2,1,4,4,5,2,3.0,3.5,2.41,4.32,0,0.0
6.74,1,73,1,3,2,5,4,3,2,5,2,6,3.8,4.0,4.14,6.24,1,3.15
6.85,0,86,1,3,2,4,7,6,3,6,4,7,5.2,5.5,4.14,6.85,1,4.76
7.02,1,69,1,0,1,5,7,6,4,4,5,5,5.2,5.0,1.72,6.52,1,3.9
8.37,0,80,2,4,2,6,7,6,7,6,4,7,6.4,5.5,6.21,8.37,1,6.22
7.34,0,83,3,2,1,4,8,6,1,7,5,7,5.2,6.0,5.86,7.34,1,5.83
6.28,2,81,0,0,1,4,5,5,3,6,6,8,4.6,7.0,0.34,5.28,0,0.0
6.72,1,76,1,1,1,6,3,6,3,5,5,6,4.6,5.5,2.41,6.22,1,3.66
8.11,0,68,0,6,5,7,6,6,3,6,3,6,5.6,4.5,5.86,8.11,1,4.95
8.49,0,60,1,1,2,5,10,7,7,7,6,7,7.2,6.5,2.76,8.49,1,7.28
8.1,1,97,2,1,3,7,7,6,3,6,6,7,5.8,6.5,4.48,7.6,1,9.86
7.29,0,78,1,2,1,7,8,7,4,6,6,7,6.4,6.5,3.1,7.29,1,6.92
6.86,1,72,0,3,3,3,6,3,3,5,4,4,4.0,4.0,3.1,6.36,1,3.0
7.7,0,89,1,6,5,7,6,6,4,5,4,6,5.6,5.0,7.24,7.7,1,7.07
7.9,0,78,1,3,0,5,5,7,3,5,7,4,5.0,5.5,3.45,7.9,1,5.71
6.22,0,70,0,2,0,4,4,3,2,2,5,5,3.0,5.0,1.38,6.22,0,0.0
7.19,1,71,1,1,0,5,7,4,3,5,4,7,4.8,5.5,2.07,6.69,0,0.0
5.82,2,60,1,1,0,4,2,7,4,4,2,6,4.2,4.0,2.07,4.82,1,3.0
7.32,0,58,0,6,1,8,6,7,5,6,6,7,6.4,6.5,4.48,7.32,1,5.69
6.34,0,61,0,1,0,4,2,4,5,3,3,6,3.6,4.5,0.69,6.34,0,0.0
5.0,1,81,0,0,0,3,2,1,1,4,4,3,2.2,3.5,0.0,4.5,0,0.0
7.1,1,73,0,1,1,7,5,4,6,6,6,5,5.6,5.5,1.03,6.6,0,0.0
5.75,0,82,1,1,5,4,6,6,3,7,8,5,5.2,6.5,3.79,5.75,1,3.4
6.51,0,86,0,4,1,5,5,7,6,7,6,6,6.0,6.0,3.1,6.51,1,3.81
6.48,0,74,1,2,0,4,6,5,3,3,7,6,4.2,6.5,2.76,6.48,1,5.12
6.61,0,73,3,1,2,3,4,2,3,4,5,5,3.2,5.0,5.52,6.61,1,3.0
7.24,1,80,1,5,0,7,6,6,5,6,5,6,6.0,5.5,4.83,6.74,1,4.91
5.78,2,70,0,0,1,4,2,2,1,3,3,5,2.4,4.0,0.34,4.78,0,0.0
6.34,1,85,1,3,2,5,5,4,2,5,4,6,4.2,5.0,4.14,5.84,1,3.56
8.16,0,97,1,2,1,8,7,8,5,6,7,7,6.8,7.0,3.1,8.16,1,6.57
6.38,0,87,0,3,0,5,6,5,4,3,5,4,4.6,4.5,2.07,6.38,1,3.29
6.29,1,60,0,1,1,3,5,4,3,6,2,5,4.2,3.5,1.03,5.79,0,0.0
8.05,0,81,1,2,1,6,8,7,6,6,8,6,6.6,7.0,3.1,8.05,1,8.88
7.03,1,78,2,5,1,7,7,6,5,7,8,7,6.4,7.5,6.55,6.53,1,8.92
7.28,0,86,1,4,0,6,7,5,6,6,3,8,6.0,5.5,4.14,7.28,1,5.23
5.18,3,62,0,2,1,3,5,4,1,3,6,1,3.2,3.5,1.72,3.68,0,0.0
7.0,0,60,1,1,1,3,3,4,3,5,7,7,3.6,7.0,2.41,7.0,1,3.0
5.13,1,81,0,3,0,2,2,1,1,4,1,4,2.0,2.5,2.07,4.63,0,0.0
7.16,0,71,1,1,1,5,3,6,4,5,4,4,4.6,4.0,2.41,7.16,0,0.0
5.45,3,60,1,1,1,1,4,1,1,3,3,4,2.0,3.5,2.41,3.95,0,0.0
6.17,1,67,0,2,0,1,6,3,2,6,6,3,3.6,4.5,1.38,5.67,0,0.0
7.16,0,83,0,2,2,6,7,6,4,6,5,6,5.8,5.5,2.07,7.16,1,4.63
7.7,2,77,3,5,1,5,6,7,5,6,5,4,5.8,4.5,7.93,6.7,1,8.39
6.26,3,78,1,1,0,5,6,5,6,6,6,7,5.6,6.5,2.07,4.76,1,5.17
7.29,1,69,2,2,0,7,6,4,2,6,8,7,5.0,7.5,4.14,6.79,1,6.44
6.16,0,56,0,1,0,2,4,3,1,6,4,5,3.2,4.5,0.69,6.16,0,0.0
8.48,0,93,0,3,4,4,5,6,5,6,5,4,5.2,4.5,3.45,8.48,1,5.21
6.46,1,80,1,2,0,5,7,7,3,7,5,4,5.8,4.5,2.76,5.96,1,6.35
6.11,3,74,1,2,1,4,4,6,4,5,6,5,4.6,5.5,3.1,4.61,1,3.15
8.43,0,83,0,4,0,6,6,7,4,6,4,5,5.8,4.5,2.76,8.43,1,6.06
6.08,0,92,0,4,0,5,6,4,4,4,5,6,4.6,5.5,2.76,6.08,1,3.21
6.49,0,84,1,5,2,6,6,5,4,5,5,2,5.2,3.5,5.52,6.49,1,5.66
6.17,0,83,1,1,3,4,4,2,3,4,3,4,3.4,3.5,3.1,6.17,0,0.0
5.0,0,68,0,0,0,3,3,2,1,1,1,5,2.0,3.0,0.0,5.0,0,0.0
6.72,0,78,0,1,0,5,5,5,6,4,4,5,5.0,4.5,0.69,6.72,1,3.67
6.54,1,78,0,1,2,3,4,3,1,3,6,4,2.8,5.0,1.38,6.04,0,0.0
7.8,0,77,3,2,3,8,8,8,5,8,4,5,7.4,4.5,6.55,7.8,1,8.84
5.68,3,76,0,1,0,2,4,3,1,4,5,6,2.8,5.5,0.69,4.18,0,0.0
6.13,0,68,0,1,1,4,2,2,2,3,3,3,2.6,3.0,1.03,6.13,0,0.0
7.26,2,85,1,1,3,7,6,9,7,6,5,8,7.0,6.5,3.1,6.26,1,6.52
7.32,0,68,1,1,1,5,8,7,4,8,7,9,6.4,8.0,2.41,7.32,1,7.47
5.85,1,75,0,1,0,2,5,3,3,4,6,6,3.4,6.0,0.69,5.35,1,3.0
6.17,2,79,0,2,1,6,5,3,2,6,7,5,4.4,6.0,1.72,5.17,0,0.0
7.37,0,78,1,2,2,5,7,7,5,4,6,5,5.6,5.5,3.45,7.37,0,0.0
5.03,0,81,0,0,0,4,3,5,3,4,5,3,3.8,4.0,0.0,5.03,0,0.0
5.7,0,71,1,0,0,4,1,4,1,2,5,7,2.4,6.0,1.38,5.7,0,0.0
6.98,0,75,1,3,0,5,6,5,5,6,9,5,5.4,7.0,3.45,6.98,1,5.23
8.42,1,86,0,2,2,6,5,5,5,7,6,8,5.6,7.0,2.07,7.92,1,5.03
6.4,0,78,0,1,1,3,4,3,3,4,6,6,3.4,6.0,1.03,6.4,0,0.0
6.75,0,69,0,2,2,2,6,6,2,3,4,5,3.8,4.5,2.07,6.75,0,0.0
7.41,0,77,0,1,2,6,7,6,4,6,5,6,5.8,5.5,1.38,7.41,1,6.0
9.08,0,84,0,2,3,7,8,8,7,7,10,9,7.4,9.5,2.41,9.08,1,6.11
6.53,4,74,1,1,1,5,4,7,2,5,5,5,4.6,5.0,2.41,4.53,0,0.0
7.35,0,95,0,2,2,5,7,6,7,6,7,5,6.2,6.0,2.07,7.35,1,5.03
9.12,0,88,1,6,0,8,8,8,5,8,8,6,7.4,7.0,5.52,9.12,1,10.01
5.78,1,78,1,3,1,5,3,2,4,3,4,5,3.4,4.5,3.79,5.28,0,0.0
8.12,0,70,1,0,2,7,7,6,4,5,5,5,5.8,5.0,2.07,8.12,1,6.32
7.53,0,90,0,1,2,4,9,4,5,7,5,6,5.8,5.5,1.38,7.53,0,0.0
7.61,0,76,2,3,2,5,7,4,3,6,6,9,5.0,7.5,5.52,7.61,1,6.17
6.22,2,70,0,1,2,5,5,3,3,5,5,6,4.2,5.5,1.38,5.22,0,0.0
5.04,1,78,0,2,1,4,4,4,2,4,4,7,3.6,5.5,1.72,4.54,1,3.0
6.93,1,82,0,1,0,3,4,2,6,4,8,4,3.8,6.0,0.69,6.43,0,0.0
6.75,0,52,0,2,1,3,4,2,2,6,4,6,3.4,5.0,1.72,6.75,1,3.0
7.53,1,80,3,1,4,7,8,7,7,7,6,8,7.2,7.0,6.21,7.03,1,10.01
7.21,1,77,1,2,0,2,6,4,4,4,7,7,4.0,7.0,2.76,6.71,1,3.81
6.73,1,76,1,1,1,6,4,4,6,6,4,7,5.2,5.5,2.41,6.23,1,4.22
7.03,0,78,1,5,0,6,6,5,3,6,5,6,5.2,5.5,4.83,7.03,1,7.56
6.5,1,62,2,2,1,3,6,6,5,2,5,6,4.4,5.5,4.48,6.0,0,0.0
6.73,1,53,2,4,1,3,5,7,6,5,3,5,5.2,4.0,5.86,6.23,1,5.06
7.47,0,71,1,4,0,7,6,6,5,8,5,8,6.4,6.5,4.14,7.47,1,7.31
9.93,0,92,1,3,1,9,10,10,7,10,10,7,9.2,8.5,3.79,9.93,1,10.2
7.26,1,57,2,1,2,7,7,6,3,6,9,7,5.8,8.0,4.14,6.76,1,8.75
7.41,0,73,0,4,1,3,6,3,4,6,7,7,4.4,7.0,3.1,7.41,1,3.73
8.1,0,65,1,4,1,4,7,3,5,5,7,7,4.8,7.0,4.48,8.1,1,6.25
7.83,0,80,1,5,3,7,7,5,6,7,7,9,6.4,8.0,5.86,7.83,1,10.06
5.8,0,95,0,4,1,7,6,3,3,5,5,7,4.8,6.0,3.1,5.8,1,4.27
5.92,2,72,1,0,1,3,3,4,3,3,7,3,3.2,5.0,1.72,4.92,0,0.0
7.74,0,78,1,0,4,5,4,5,6,5,4,7,5.0,5.5,2.76,7.74,1,4.17
5.1,1,75,0,2,0,1,4,3,2,5,5,2,3.0,3.5,1.38,4.6,0,0.0
6.89,0,81,1,6,3,5,6,6,4,5,5,5,5.2,5.0,6.55,6.89,1,5.46
7.85,1,84,0,2,1,6,8,8,5,8,6,5,7.0,5.5,1.72,7.35,1,6.43
8.46,0,89,0,4,2,7,6,5,3,6,7,7,5.4,7.0,3.45,8.46,1,6.46
5.65,1,73,0,1,0,1,3,3,1,2,7,4,2.0,5.5,0.69,5.15,0,0.0
5.57,3,79,0,2,1,5,4,2,2,4,7,3,3.4,5.0,1.72,4.07,0,0.0
5.36,5,71,0,2,0,2,4,3,2,1,4,4,2.4,4.0,1.38,2.86,0,0.0
6.09,3,71,0,2,1,5,5,5,1,4,4,6,4.0,5.0,1.72,4.59,0,0.0
6.19,0,86,2,0,4,5,4,5,2,4,6,5,4.0,5.5,4.14,6.19,1,4.36
7.49,0,77,0,5,0,6,6,5,5,4,7,8,5.2,7.5,3.45,7.49,1,4.39
5.62,2,84,0,0,1,6,3,4,2,3,2,4,3.6,3.0,0.34,4.62,0,0.0
6.37,3,66,0,0,0,3,1,2,2,6,4,6,2.8,5.0,0.0,4.87,0,0.0
6.72,2,89,1,3,1,4,7,2,4,4,4,5,4.2,4.5,3.79,5.72,1,5.79
6.37,2,79,0,1,0,3,4,5,4,4,5,5,4.0,5.0,0.69,5.37,0,0.0
8.01,0,69,1,4,2,5,7,7,4,6,4,8,5.8,6.0,4.83,8.01,1,5.97
7.44,0,82,0,5,1,6,5,4,4,4,3,5,4.6,4.0,3.79,7.44,1,4.5
7.51,0,75,2,2,0,7,5,5,5,7,4,3,5.8,3.5,4.14,7.51,1,5.82
6.72,0,77,0,2,1,4,4,5,4,4,4,5,4.2,4.5,1.72,6.72,0,0.0
6.46,0,69,0,1,1,2,4,3,2,2,5,5,2.6,5.0,1.03,6.46,0,0.0
7.21,0,80,1,0,2,6,7,6,5,5,5,7,5.8,6.0,2.07,7.21,1,5.7
6.27,1,76,0,4,1,2,4,4,1,2,3,4,2.6,3.5,3.1,5.77,0,0.0
6.84,0,80,0,0,2,3,4,4,2,4,5,5,3.4,5.0,0.69,6.84,0,0.0
7.16,0,67,0,4,1,5,5,5,3,4,5,6,4.4,5.5,3.1,7.16,1,3.75
5.11,2,66,0,0,2,4,3,2,1,2,7,4,2.4,5.5,0.69,4.11,0,0.0
7.41,0,83,1,1,2,7,8,6,3,6,7,7,6.0,7.0,2.76,7.41,1,8.4
6.68,3,83,1,3,2,6,6,6,5,7,5,6,6.0,5.5,4.14,5.18,0,0.0
6.3,0,69,0,3,1,5,4,4,4,6,4,5,4.6,4.5,2.41,6.3,1,3.28
8.93,0,96,3,6,2,7,7,7,4,9,8,8,6.8,8.0,8.97,8.93,1,10.01
6.38,0,84,1,0,1,4,8,4,3,4,4,5,4.6,4.5,1.72,6.38,1,4.35
6.7,1,67,1,2,0,3,5,3,3,4,4,4,3.6,4.0,2.76,6.2,0,0.0
6.04,1,76,1,2,4,4,6,6,7,5,4,5,5.6,4.5,4.14,5.54,0,0.0
6.3,0,70,3,0,0,2,5,3,5,5,3,5,4.0,4.0,4.14,6.3,0,0.0
7.21,0,77,0,2,0,5,6,4,4,6,7,5,5.0,6.0,1.38,7.21,1,4.19
7.42,1,90,1,2,2,4,6,3,7,7,6,5,5.4,5.5,3.45,6.92,1,5.78
8.16,0,78,0,5,5,4,7,7,5,6,5,6,5.8,5.5,5.17,8.16,1,10.86
7.71,0,78,1,6,0,5,7,7,6,6,5,6,6.2,5.5,5.52,7.71,1,6.06
7.16,1,86,0,4,4,6,6,5,3,5,8,7,5.0,7.5,4.14,6.66,1,5.06
6.44,1,79,1,2,2,5,3,5,4,6,4,7,4.6,5.5,3.45,5.94,1,3.0
6.39,0,77,1,2,0,4,6,3,4,5,6,2,4.4,4.0,2.76,6.39,1,3.94
6.74,0,79,1,3,0,5,5,5,3,4,7,4,4.4,5.5,3.45,6.74,0,0.0
5.34,0,77,0,2,0,3,3,3,1,4,7,2,2.8,4.5,1.38,5.34,0,0.0
7.35,0,84,2,6,2,7,6,6,5,6,5,6,6.0,5.5,7.59,7.35,1,7.71
9.63,0,80,0,3,5,8,8,9,7,9,5,7,8.2,6.0,3.79,9.63,1,10.64
6.68,2,71,1,0,1,5,4,4,5,5,3,6,4.6,4.5,1.72,5.68,1,3.0
5.81,1,76,0,3,1,5,5,3,2,5,6,5,4.0,5.5,2.41,5.31,1,3.0
6.37,0,71,0,3,2,5,6,5,2,6,8,5,4.8,6.5,2.76,6.37,1,3.45
6.7,0,63,1,3,1,5,4,6,3,7,6,6,5.0,6.0,3.79,6.7,1,4.8
